Name,Team,Games Played,Kicks,Handballs,Disposals,Marks,Goals,Behinds,Tackles,Hitouts,Inside 50s,Goal Assists,Contested Possessions,Uncontested Possessions,Effective Disposals,Disposal Efficiency,Clangers,Contested Marks,Marks Inside 50,Clearances,Centre Clearances,Stoppage Clearances,Rebound 50s,One Percenters,Bounces,Metres Gained,Score Involvements,Turnovers,Intercepts,Tackles Inside 50,Time On Ground
Sam Docherty,Carlton,22,20.91,6.95,27.86,9.05,0.14,0.14,3.32,0.0,1.95,0.36,6.55,19.05,22.14,79.47,3.09,0.5,0.09,1.14,0.5,0.64,5.73,2.55,1.05,514.59,4.73,5.18,6.32,0.14,92.91
Dustin Martin,Richmond,25,19.16,10.6,29.76,4.12,1.48,1.16,3.52,0.0,6.0,1.16,14.52,14.4,19.32,64.92,4.96,1.0,1.04,6.4,3.44,2.96,0.92,1.04,0.96,482.92,9.0,6.16,3.08,0.64,85.24
Gary Jnr Ablett,Gold Coast,14,19.0,14.0,33.0,3.5,0.57,0.79,5.5,0.0,5.86,0.86,13.71,18.29,23.07,69.91,4.64,0.14,0.21,7.71,3.57,4.07,2.5,0.64,0.57,477.0,8.21,5.43,3.07,0.86,86.36
Dylan Roberton,St Kilda,22,17.5,5.59,23.09,6.23,0.23,0.18,1.73,0.0,1.77,0.05,5.0,15.5,18.14,78.56,2.32,0.59,0.0,0.41,0.09,0.32,5.64,2.45,0.95,474.14,3.45,4.95,6.68,0.05,86.95
Zachary Merrett,Essendon,22,17.36,12.59,29.95,4.32,0.41,0.36,5.55,0.0,3.95,0.59,9.0,20.64,21.23,70.88,3.0,0.05,0.14,4.23,1.5,2.73,2.91,0.91,0.59,487.32,6.27,5.36,3.73,0.5,76.73
Andrew Gaff,West Coast,24,17.25,12.46,29.71,5.29,0.25,0.25,2.04,0.0,3.38,0.62,7.0,23.08,22.04,74.18,3.46,0.04,0.33,1.96,0.17,1.79,2.58,0.75,0.38,414.62,5.54,4.75,3.5,0.12,88.88
Kade Simpson,Carlton,22,17.14,6.91,24.05,7.36,0.18,0.14,2.68,0.0,2.73,0.5,6.55,16.45,18.05,75.05,2.86,0.23,0.27,1.5,0.23,1.27,3.77,1.64,0.95,409.95,4.68,4.86,5.18,0.05,93.5
Michael Hibberd,Melbourne,18,16.94,10.44,27.39,5.39,0.06,0.06,1.28,0.0,2.67,0.28,7.17,18.44,21.0,76.67,3.17,0.39,0.0,0.94,0.33,0.61,6.83,3.28,0.28,556.5,3.89,6.11,7.61,0.06,86.11
Michael Hurley,Essendon,21,16.9,8.67,25.57,7.67,0.14,0.05,1.05,0.0,1.19,0.1,6.19,16.33,20.33,79.51,3.0,0.76,0.05,0.24,0.0,0.24,6.9,5.14,0.24,471.95,4.33,5.1,8.48,0.0,93.14
Bryce Gibbs,Carlton,22,16.45,10.36,26.82,5.18,0.77,0.59,5.86,0.0,3.59,0.55,10.14,16.59,18.68,69.65,3.64,0.14,0.41,5.09,1.91,3.18,1.91,0.95,0.09,367.18,5.59,4.91,2.18,0.91,84.77
Bradley Hill,Fremantle,22,16.45,7.09,23.55,6.32,0.59,0.64,2.05,0.0,3.91,0.45,4.0,19.41,16.18,68.7,3.0,0.05,0.36,1.23,0.14,1.09,2.36,0.82,1.0,453.95,5.59,4.73,1.91,0.27,83.18
Marc Murphy,Carlton,22,16.36,13.45,29.82,5.77,0.5,0.41,3.91,0.0,4.41,0.68,10.23,19.55,21.73,72.87,3.41,0.0,0.27,4.55,1.59,2.95,1.64,0.68,0.41,386.73,5.68,4.82,2.41,0.68,87.95
Dayne Zorko,Brisbane,21,16.24,8.81,25.05,3.76,1.62,1.29,7.0,0.0,4.95,0.62,10.43,14.48,16.14,64.43,4.38,0.33,0.52,5.38,2.0,3.38,2.1,1.14,0.62,505.67,7.9,5.14,2.38,1.38,83.9
Jake Lloyd,Sydney,23,16.09,9.87,25.96,5.91,0.26,0.17,1.48,0.0,2.3,0.22,5.17,19.52,20.48,78.89,2.65,0.13,0.3,1.13,0.39,0.74,4.04,1.26,0.3,435.13,5.13,4.09,4.7,0.09,85.7
Alex Witherden,Brisbane,9,15.89,7.67,23.56,5.33,0.22,0.0,2.56,0.0,1.56,0.11,4.89,15.0,17.44,74.02,3.33,0.22,0.0,0.78,0.22,0.56,4.89,1.33,0.22,416.89,4.22,3.89,4.67,0.0,79.44
Heath Shaw,GWS,25,15.72,4.88,20.6,6.04,0.0,0.16,1.48,0.0,1.44,0.2,4.8,13.8,16.0,77.67,3.12,0.36,0.08,0.32,0.08,0.24,5.44,2.96,2.36,454.04,3.48,3.84,6.24,0.04,89.72
Steele Sidebottom,Collingwood,22,15.64,11.64,27.27,5.23,0.73,0.41,4.23,0.0,4.14,0.59,8.23,18.73,19.68,72.17,3.23,0.0,0.27,3.45,1.09,2.36,1.36,1.36,0.95,344.77,6.73,4.73,3.0,0.45,86.82
Aaron Hall,Gold Coast,19,15.26,10.37,25.63,4.63,0.63,0.58,3.58,0.0,5.05,0.47,6.11,19.47,18.47,72.06,3.05,0.16,0.16,2.16,0.47,1.68,2.21,0.74,0.79,495.74,5.79,4.89,2.42,0.37,77.58
Zach Tuohy,Geelong,25,15.0,9.6,24.6,4.6,0.24,0.32,1.8,0.0,2.84,0.24,6.08,16.2,18.72,76.1,2.68,0.32,0.2,1.12,0.36,0.76,4.88,0.8,0.68,478.04,5.32,5.16,5.48,0.0,94.24
Elliot Yeo,West Coast,23,15.0,8.13,23.13,7.0,0.35,0.3,3.3,0.0,3.65,0.48,9.43,13.39,17.17,74.23,3.0,1.09,0.26,2.22,0.74,1.48,3.35,2.35,0.39,452.13,4.35,4.22,6.87,0.17,86.04
Taylor Adams,Collingwood,22,14.91,14.59,29.5,5.05,0.41,0.36,6.36,0.0,4.23,0.64,11.68,17.91,20.86,70.71,4.36,0.14,0.41,5.59,2.27,3.32,1.59,1.23,0.55,362.18,7.27,4.55,3.23,0.45,77.05
Leigh Montagna,St Kilda,16,14.69,10.31,25.0,6.0,0.31,0.06,3.69,0.0,3.19,0.38,4.88,19.75,19.62,78.48,2.81,0.12,0.12,0.81,0.31,0.5,3.25,1.38,0.38,447.75,4.62,5.75,4.12,0.12,85.12
Rory Laird,Adelaide,25,14.68,14.76,29.44,5.72,0.12,0.04,2.2,0.0,2.4,0.12,8.56,20.72,23.88,81.11,2.6,0.32,0.08,1.16,0.4,0.76,4.64,1.64,0.0,417.72,5.2,4.76,7.44,0.0,85.28
Daniel Rich,Brisbane,22,14.64,6.68,21.32,3.68,0.36,0.5,1.59,0.0,3.09,0.41,6.32,13.73,16.32,76.55,3.05,0.27,0.14,1.14,0.45,0.68,4.86,2.68,0.0,460.95,4.77,4.55,5.59,0.05,82.5
Dayne Beams,Brisbane,19,14.53,12.53,27.05,4.53,1.05,0.58,4.16,0.0,2.95,0.63,10.58,16.16,19.32,71.42,3.37,0.32,0.68,4.89,2.26,2.63,2.16,1.05,0.16,341.95,6.16,5.05,2.89,0.21,81.79
Luke Hodge,Hawthorn,19,14.53,8.63,23.16,6.26,0.05,0.11,2.47,0.0,1.68,0.11,5.79,16.84,18.37,79.32,3.58,0.53,0.0,1.05,0.42,0.63,3.11,4.05,0.0,301.47,4.11,3.47,5.37,0.0,85.79
Sebastian Ross,St Kilda,22,14.45,15.41,29.86,3.59,0.23,0.41,4.27,0.05,4.05,0.59,9.82,20.23,21.73,72.77,2.73,0.09,0.14,5.0,2.27,2.73,1.95,1.5,0.23,396.27,6.73,4.5,2.86,0.55,83.0
Mitchell Duncan,Geelong,24,14.33,14.75,29.08,6.58,0.62,0.54,5.33,0.0,4.21,0.54,9.5,20.29,21.75,74.79,3.33,0.21,0.38,4.29,1.17,3.12,2.17,1.29,0.58,416.29,7.04,3.79,3.17,0.42,81.29
Isaac Smith,Hawthorn,22,14.23,8.5,22.73,5.91,0.64,0.55,2.95,0.0,4.55,0.59,5.32,17.41,17.05,75.01,2.05,0.0,0.36,2.41,0.27,2.14,2.05,1.36,1.0,418.77,5.5,4.0,1.41,0.23,83.41
Josh Smith,Collingwood,13,14.23,5.38,19.62,6.62,0.15,0.0,2.31,0.0,1.62,0.0,3.54,16.08,15.15,77.22,2.0,0.23,0.15,0.69,0.08,0.62,2.69,2.0,0.0,292.23,3.15,3.54,3.62,0.0,85.23
Callan Ward,GWS,25,14.12,12.96,27.08,3.6,0.56,0.4,3.92,0.0,3.08,0.64,11.72,15.56,20.6,76.07,2.72,0.16,0.24,6.44,2.44,4.0,1.44,0.92,0.8,315.16,6.84,3.08,2.32,0.76,85.16
Jarrod Harbrow,Gold Coast,18,14.11,8.17,22.28,5.67,0.11,0.11,1.89,0.0,1.94,0.33,5.11,16.5,17.11,76.8,2.89,0.33,0.0,0.78,0.28,0.5,3.72,2.06,0.67,358.61,3.94,4.28,4.83,0.17,87.28
Joshua Kelly,GWS,24,14.08,15.42,29.5,3.54,0.79,1.0,6.5,0.0,5.04,0.62,11.08,18.96,21.88,74.17,2.92,0.21,0.33,4.88,1.88,3.0,1.46,0.88,0.79,410.29,7.17,4.42,3.42,0.92,85.21
David Zaharakis,Essendon,23,14.04,11.61,25.65,4.65,0.48,0.61,4.65,0.0,4.7,0.83,6.48,19.26,18.57,72.4,2.87,0.0,0.3,2.17,0.87,1.3,2.13,0.91,0.87,367.26,6.91,4.91,3.0,0.48,83.35
Jeremy Howe,Collingwood,21,14.0,7.81,21.81,8.62,0.14,0.1,1.57,0.0,2.29,0.24,6.86,13.86,17.14,78.59,2.57,2.05,0.05,0.33,0.1,0.24,4.1,4.05,0.24,368.81,3.81,3.81,8.43,0.0,92.67
Tom Mitchell,Hawthorn,22,13.95,21.82,35.77,5.32,0.45,0.45,6.5,0.0,3.45,0.36,14.77,21.5,26.05,72.83,4.5,0.09,0.27,6.27,2.32,3.95,2.09,0.91,0.32,308.41,6.91,4.82,2.82,1.0,87.45
Jared Polec,Port Adelaide,22,13.91,8.41,22.32,3.95,0.5,0.5,2.95,0.0,4.45,0.5,6.64,15.55,16.09,72.09,3.32,0.27,0.36,2.14,0.27,1.86,2.14,1.36,0.68,428.5,4.77,4.09,3.27,0.45,83.82
Trent Cotchin,Richmond,25,13.88,9.72,23.6,3.4,0.68,0.32,5.56,0.0,4.2,0.56,11.76,11.52,14.84,62.88,3.88,0.44,0.24,5.24,2.32,2.92,1.64,1.72,0.4,357.44,5.28,5.0,4.04,1.0,79.92
Bachar Houli,Richmond,21,13.86,9.76,23.62,5.14,0.24,0.43,3.57,0.0,2.33,0.24,6.05,15.38,18.52,78.41,2.52,0.29,0.33,1.05,0.33,0.71,4.14,2.0,0.57,415.71,4.52,4.9,5.48,0.05,83.95
Bernie Vince,Melbourne,19,13.84,7.37,21.21,3.84,0.11,0.21,2.89,0.0,1.74,0.26,5.95,14.37,15.21,71.71,3.05,0.05,0.11,1.53,0.47,1.05,2.63,1.79,0.37,288.11,3.74,4.11,5.05,0.32,85.21
Matt Crouch,Adelaide,25,13.8,19.2,33.0,3.04,0.28,0.28,4.76,0.0,3.32,0.64,13.48,19.68,23.76,72.0,3.16,0.04,0.08,5.84,2.2,3.64,2.12,1.24,0.16,353.72,7.2,5.36,3.24,0.8,77.04
Chad Wingard,Port Adelaide,19,13.79,8.37,22.16,4.32,1.26,1.32,3.32,0.0,4.95,0.79,9.05,12.84,14.42,65.07,2.58,0.47,1.21,3.68,1.84,1.84,0.58,1.21,0.42,399.11,7.0,4.47,2.32,0.84,87.79
Jack Ziebell,North Melbourne,19,13.79,8.42,22.21,3.47,0.68,0.32,5.79,0.0,3.95,0.47,11.16,11.21,14.42,64.93,4.05,0.26,0.58,4.89,2.16,2.74,1.74,1.37,0.16,380.42,5.32,5.0,3.68,0.53,79.89
Lachlan Hunter,Western Bulldogs,22,13.73,8.86,22.59,5.27,0.82,0.41,2.55,0.0,2.91,0.27,6.68,15.55,16.23,71.85,2.45,0.27,0.68,1.59,0.32,1.27,1.95,1.5,0.5,344.5,5.36,4.05,3.55,0.36,85.5
Nathan Wilson,GWS,24,13.71,3.71,17.42,4.21,0.17,0.17,1.92,0.0,3.79,0.33,3.46,12.42,13.88,79.68,2.71,0.21,0.04,0.42,0.08,0.33,4.38,2.25,0.71,504.21,4.42,4.79,3.75,0.08,79.5
Andrew Mackie,Geelong,23,13.7,7.52,21.22,5.35,0.13,0.09,2.0,0.0,2.65,0.39,5.26,16.22,15.57,73.37,3.13,0.09,0.09,0.52,0.0,0.52,3.26,2.3,0.26,364.3,4.13,4.52,4.87,0.04,88.87
Christian Salem,Melbourne,16,13.69,7.75,21.44,4.56,0.31,0.0,3.38,0.0,1.62,0.25,4.94,14.5,16.81,78.4,2.38,0.19,0.19,1.06,0.38,0.69,3.81,1.19,0.12,342.0,4.5,3.75,4.19,0.12,81.38
Lachie Whitfield,GWS,18,13.67,10.33,24.0,6.06,0.56,0.39,3.33,0.0,4.17,0.83,7.0,17.28,18.78,78.25,2.39,0.06,0.5,2.33,0.61,1.72,1.94,1.89,0.67,405.61,6.56,3.83,3.22,0.72,86.33
Dyson Heppell,Essendon,23,13.65,12.7,26.35,5.13,0.52,0.35,4.17,0.0,4.3,0.61,11.22,15.57,18.57,70.47,3.43,0.39,0.39,4.65,1.91,2.74,2.13,1.61,0.22,361.13,6.78,4.39,3.13,0.35,82.52
Stephen Hill,Fremantle,18,13.61,7.72,21.33,2.67,0.22,0.17,3.72,0.0,3.17,0.44,8.61,12.56,14.39,67.46,2.89,0.22,0.11,3.56,1.39,2.17,2.17,1.39,0.11,387.39,5.0,4.72,2.44,0.56,79.28
Luke Shuey,West Coast,23,13.57,12.74,26.3,4.04,0.48,0.3,5.83,0.0,4.04,0.74,10.96,15.52,18.78,71.41,3.52,0.0,0.26,5.74,2.57,3.17,1.17,1.43,0.65,360.13,5.61,4.13,2.13,0.96,81.48
Shane Biggs,Western Bulldogs,16,13.56,7.38,20.94,4.88,0.0,0.0,1.88,0.0,1.75,0.38,4.88,15.62,17.19,82.09,1.88,0.5,0.0,0.19,0.06,0.12,4.12,2.38,0.81,351.5,3.0,3.38,5.06,0.12,80.31
Scott Pendlebury,Collingwood,16,13.56,14.56,28.12,3.62,0.31,0.44,6.44,0.19,5.06,1.25,11.25,16.81,21.0,74.68,2.56,0.25,0.19,5.19,2.19,3.0,1.56,2.06,0.31,380.44,7.75,3.69,2.25,1.06,82.06
Matthew Suckling,Western Bulldogs,22,13.55,7.27,20.82,4.82,0.41,0.68,1.86,0.0,3.59,0.32,4.64,14.82,16.14,77.52,2.23,0.32,0.14,0.41,0.09,0.32,2.82,1.64,0.59,456.45,5.14,3.95,3.64,0.18,78.5
Patrick Dangerfield,Geelong,24,13.5,16.42,29.92,4.54,1.88,1.33,5.88,0.0,5.29,0.83,17.92,12.79,19.71,65.88,4.42,1.42,1.54,7.21,2.92,4.25,0.92,1.04,0.75,441.71,8.04,5.08,2.71,1.21,85.17
Brendon Goddard,Essendon,23,13.43,13.22,26.65,7.3,0.22,0.13,3.17,0.0,2.96,0.57,7.17,19.22,21.7,81.43,2.7,0.48,0.26,2.48,1.17,1.3,2.35,1.96,0.26,341.61,6.91,3.83,3.52,0.13,84.74
Shane Savage,St Kilda,12,13.42,7.92,21.33,4.75,0.42,0.17,2.42,0.0,3.75,0.25,4.83,16.17,17.33,81.25,1.92,0.75,0.08,0.42,0.08,0.33,2.83,2.0,1.17,432.0,3.83,4.17,4.83,0.0,83.5
Ryan Burton,Hawthorn,20,13.4,7.9,21.3,5.7,0.2,0.05,2.9,0.0,2.4,0.1,5.05,14.8,17.2,80.75,2.7,0.5,0.0,0.3,0.1,0.2,3.8,3.15,0.55,341.9,3.5,4.55,5.95,0.15,85.75
Tom Rockliff,Brisbane,20,13.4,10.6,24.0,5.3,0.8,0.25,5.85,0.1,4.05,0.5,10.2,13.4,16.65,69.38,3.25,0.2,0.65,6.3,1.95,4.4,1.25,0.85,0.0,314.05,5.5,3.85,1.4,0.9,83.25
Jack Newnes,St Kilda,22,13.32,9.64,22.95,5.64,0.32,0.45,3.09,0.0,3.41,0.32,6.55,17.09,17.05,74.29,3.05,0.27,0.41,1.36,0.23,1.18,3.41,1.59,0.82,431.18,5.14,4.36,3.64,0.32,82.68
Matthew Boyd,Western Bulldogs,10,13.3,9.7,23.0,5.7,0.3,0.2,1.6,0.0,1.6,0.3,4.7,17.5,17.1,74.35,2.2,0.4,0.2,0.7,0.2,0.5,3.5,2.5,0.2,387.5,5.2,4.3,5.2,0.1,83.3
Brandon Ellis,Richmond,25,13.24,9.04,22.28,5.04,0.28,0.16,2.04,0.0,2.24,0.28,6.6,15.0,17.68,79.35,2.76,0.24,0.16,1.08,0.16,0.92,3.24,1.72,1.04,306.4,4.0,3.76,5.64,0.2,82.32
Lance Franklin,Sydney,24,13.17,3.71,16.88,6.58,3.04,2.5,2.29,0.08,5.17,0.79,6.58,10.54,10.58,62.68,3.33,1.67,2.71,0.5,0.12,0.38,0.21,1.38,0.29,432.5,9.12,3.79,0.92,0.92,92.54
Dylan Shiel,GWS,25,13.16,13.08,26.24,2.6,0.48,0.6,3.68,0.0,4.32,0.6,11.16,15.28,18.76,71.49,3.48,0.0,0.24,6.44,3.24,3.2,1.4,1.2,0.64,392.48,6.0,4.36,2.36,0.52,71.92
Sam Mitchell,West Coast,22,13.14,13.77,26.91,3.68,0.18,0.18,3.05,0.0,2.95,0.73,9.95,17.64,19.64,72.98,2.82,0.23,0.18,4.68,1.5,3.18,2.32,1.64,0.64,329.18,6.05,4.14,3.18,0.23,84.32
Zachary Williams,GWS,23,13.13,9.04,22.17,3.26,0.3,0.35,3.87,0.0,2.65,0.52,7.78,14.26,17.04,76.86,3.0,0.3,0.17,2.04,0.48,1.57,2.87,1.78,0.91,382.39,4.87,4.52,5.65,0.13,80.52
Adam Treloar,Collingwood,21,13.1,16.81,29.9,2.57,0.62,0.52,6.38,0.05,4.52,0.57,11.33,17.67,20.48,68.49,3.86,0.05,0.29,5.33,2.29,3.05,1.62,0.76,2.52,348.71,7.05,4.62,2.1,0.71,81.33
Rory Sloane,Adelaide,24,13.08,11.12,24.21,3.12,0.83,0.29,7.79,0.0,4.54,0.54,13.25,11.46,16.83,69.52,3.79,0.67,0.42,6.33,2.62,3.71,1.42,2.92,0.04,352.79,7.08,4.46,3.62,1.46,79.46
Nic Newman,Sydney,20,13.0,7.3,20.3,4.75,0.35,0.35,3.75,0.05,2.6,0.5,6.2,13.15,14.4,70.94,2.45,0.25,0.3,0.9,0.15,0.75,2.8,1.9,0.3,389.2,4.65,4.25,4.85,0.3,76.35
Steven May,Gold Coast,18,13.0,6.28,19.28,7.06,0.06,0.11,1.33,0.0,1.0,0.0,5.17,11.89,15.39,79.82,2.61,1.0,0.0,0.28,0.0,0.28,3.94,5.89,0.67,331.56,3.28,4.33,7.06,0.0,86.89
Stephen Coniglio,GWS,10,13.0,12.7,25.7,3.5,0.6,0.5,6.4,0.0,3.3,0.6,9.9,15.7,18.4,71.6,3.4,0.0,0.6,5.3,2.2,3.1,1.3,1.0,0.2,265.9,6.4,3.6,2.3,0.6,81.5
Marcus Bontempelli,Western Bulldogs,22,12.95,10.0,22.95,4.0,0.91,1.32,6.27,0.14,4.55,0.86,11.77,11.73,15.55,67.76,3.45,0.95,1.05,4.18,1.91,2.27,1.27,2.0,0.32,368.82,6.91,4.32,2.64,1.05,86.55
Dominic Sheed,West Coast,21,12.95,9.33,22.29,4.95,0.52,0.62,2.52,0.0,3.57,0.43,8.9,14.0,15.76,70.7,2.24,0.14,0.33,3.62,1.24,2.38,1.43,0.76,0.57,351.14,5.33,3.9,1.76,0.33,73.33
Jack Steven,St Kilda,20,12.95,13.35,26.3,2.75,0.3,0.75,4.65,0.0,4.25,0.65,10.45,16.0,18.7,71.1,3.6,0.05,0.1,5.35,2.55,2.8,1.05,1.2,0.7,362.65,6.65,4.05,2.2,0.55,78.95
Nathan Jones,Melbourne,16,12.94,14.5,27.44,3.94,0.62,0.38,5.38,0.0,5.56,0.88,9.44,18.25,20.75,75.62,2.75,0.12,0.44,3.38,1.12,2.25,1.81,1.12,0.25,424.62,6.81,4.81,3.31,0.44,82.0
Tom Lynch,Adelaide,23,12.91,7.61,20.52,7.09,1.35,1.0,2.17,0.0,3.26,0.7,6.87,13.48,14.04,68.42,2.96,0.87,1.74,0.91,0.26,0.65,0.43,0.61,0.13,321.78,7.87,4.13,1.96,0.61,87.35
Jason Johannisen,Western Bulldogs,20,12.9,8.55,21.45,2.9,0.5,0.6,2.05,0.0,3.2,0.55,6.05,14.2,16.45,76.69,2.5,0.15,0.4,0.95,0.2,0.8,3.85,1.85,1.3,407.85,5.25,4.05,4.7,0.2,83.4
Shaun Grigg,Richmond,25,12.88,10.2,23.08,5.24,0.6,0.52,3.76,0.24,4.48,0.52,7.72,14.72,15.08,65.34,3.4,0.16,0.84,2.84,0.84,2.0,1.92,1.04,0.28,380.4,6.0,4.92,2.68,1.12,85.44
Sam Mayes,Brisbane,21,12.86,8.1,20.95,6.05,0.0,0.05,1.81,0.05,1.95,0.1,4.9,15.52,16.24,77.52,1.81,0.1,0.05,0.62,0.24,0.38,3.67,3.48,0.14,366.81,2.86,4.38,4.67,0.05,85.9
Shaun Higgins,North Melbourne,21,12.81,10.67,23.48,3.67,0.86,1.19,5.05,0.0,5.67,0.9,8.67,14.95,16.43,69.97,3.33,0.43,0.71,4.33,1.67,2.67,1.24,0.52,0.62,455.81,7.24,4.76,1.81,1.0,84.14
Shannon Hurn,West Coast,23,12.7,7.17,19.87,6.3,0.0,0.09,1.91,0.0,1.87,0.17,5.74,12.74,17.04,85.76,1.52,0.61,0.0,0.91,0.3,0.57,3.57,2.61,0.22,359.83,4.0,3.78,6.52,0.09,86.09
Richard Douglas,Adelaide,25,12.68,9.0,21.68,2.84,0.6,0.36,3.84,0.0,3.6,0.68,9.6,12.36,14.92,68.82,3.36,0.24,0.44,4.2,1.32,2.88,1.52,1.04,0.4,324.52,5.96,4.44,2.88,0.56,80.08
Luke Parker,Sydney,24,12.67,12.67,25.33,3.54,0.58,0.71,5.58,0.0,3.71,0.62,13.21,12.12,16.71,65.97,4.42,0.75,0.67,6.38,2.54,3.83,1.17,1.67,0.04,306.83,7.0,4.33,2.42,1.25,86.0
Jack Gunston,Hawthorn,22,12.64,6.27,18.91,6.0,0.86,0.5,2.64,0.0,2.55,0.68,5.59,13.73,15.09,79.8,1.64,0.55,0.59,0.86,0.32,0.55,1.64,2.5,0.0,298.05,5.23,3.14,3.09,0.95,88.64
Brad Ebert,Port Adelaide,23,12.57,12.17,24.74,3.65,0.3,0.35,7.65,0.0,4.39,0.78,10.7,14.04,16.83,68.03,3.39,0.43,0.22,4.87,1.74,3.13,1.35,1.61,0.13,313.78,5.61,3.7,2.48,1.04,85.13
Brodie Smith,Adelaide,23,12.57,7.83,20.39,4.65,0.52,0.39,1.96,0.0,3.65,0.26,5.0,14.61,15.7,77.0,2.83,0.39,0.22,0.78,0.13,0.65,3.3,2.65,0.91,493.87,5.61,4.52,5.0,0.13,80.48
Jarryd Lyons,Gold Coast,18,12.56,12.06,24.61,3.72,0.56,0.44,4.61,0.0,3.67,0.56,12.56,11.78,16.67,67.74,3.11,0.33,0.44,5.83,3.06,2.78,1.17,1.06,0.11,278.72,4.94,4.56,2.83,0.72,72.39
Luke McDonald,North Melbourne,22,12.55,8.5,21.05,4.18,0.36,0.36,4.27,0.0,4.05,0.45,6.82,14.59,15.5,73.63,3.18,0.45,0.23,1.73,0.36,1.36,2.45,2.05,0.36,439.45,4.0,5.0,3.5,0.45,81.59
Kade Kolodjashnij,Gold Coast,11,12.55,8.55,21.09,7.55,0.27,0.0,2.18,0.0,2.36,0.18,4.0,17.0,16.27,77.15,2.55,0.45,0.09,0.36,0.09,0.27,2.82,3.27,0.27,294.09,3.82,3.82,4.73,0.0,86.18
Isaac Heeney,Sydney,20,12.5,8.05,20.55,5.0,0.8,0.65,4.75,0.0,2.9,0.4,9.2,11.8,14.3,69.59,2.3,0.75,0.75,3.15,0.6,2.55,1.7,1.7,0.45,328.45,5.9,4.05,2.95,0.9,85.25
Aaron Mullett,North Melbourne,18,12.5,7.5,20.0,4.11,0.28,0.11,1.67,0.0,1.61,0.0,3.78,12.67,16.83,84.15,1.5,0.33,0.06,0.33,0.06,0.28,5.61,1.56,0.78,413.0,3.28,4.06,3.89,0.06,84.56
Matthew Scharenberg,Collingwood,10,12.5,7.7,20.2,7.5,0.0,0.0,0.9,0.0,1.0,0.1,5.5,14.5,15.1,74.75,2.5,0.6,0.0,0.2,0.1,0.1,4.2,2.2,0.0,247.7,2.9,4.3,6.5,0.0,83.5
Jasper Pittard,Port Adelaide,17,12.47,7.71,20.18,5.12,0.0,0.41,2.0,0.0,3.06,0.24,4.41,14.59,15.94,78.99,2.29,0.59,0.06,0.47,0.29,0.18,3.82,4.0,0.24,401.41,4.18,4.18,5.29,0.0,83.24
Oliver Wines,Port Adelaide,23,12.35,14.96,27.3,3.43,0.65,0.7,5.09,0.0,4.22,0.65,13.78,12.96,17.78,65.13,3.78,0.74,0.52,6.0,2.26,3.74,0.91,1.35,0.17,367.35,6.87,4.22,3.22,0.48,77.13
Connor Blakely,Fremantle,17,12.35,11.53,23.88,5.18,0.06,0.24,3.94,0.0,2.29,0.24,8.35,15.65,17.76,74.37,2.0,0.35,0.06,3.29,1.29,2.06,2.53,0.94,0.0,315.88,3.41,4.06,2.47,0.41,75.88
Tom Cutler,Brisbane,12,12.33,6.92,19.25,5.5,0.67,0.5,1.33,0.0,2.75,0.17,3.58,14.42,14.83,77.04,2.08,0.25,0.42,0.75,0.25,0.5,4.08,1.08,0.33,390.67,4.08,4.17,3.0,0.25,78.92
Marco Paparone,Brisbane,6,12.33,4.5,16.83,5.5,0.0,0.17,1.33,0.0,1.0,0.17,3.67,13.83,11.5,68.33,1.17,0.0,0.17,0.83,0.17,0.67,3.67,1.67,0.0,283.67,3.33,3.0,3.17,0.17,84.33
Rory Atkins,Adelaide,25,12.28,9.16,21.44,4.72,0.44,0.32,2.44,0.0,3.88,0.68,6.6,15.08,15.52,72.39,3.24,0.32,0.28,1.92,0.24,1.68,2.16,1.4,0.96,398.36,4.96,4.44,4.2,0.44,81.76
Robert Murphy,Western Bulldogs,17,12.24,7.53,19.76,4.94,0.59,0.41,2.12,0.0,4.06,0.71,4.41,15.24,15.24,77.13,2.18,0.24,0.53,0.71,0.12,0.59,1.47,0.94,0.82,378.53,5.29,4.18,2.53,0.29,81.53
Trent McKenzie,Gold Coast,7,12.14,3.29,15.43,4.86,0.0,0.29,2.29,0.0,1.14,0.14,3.14,10.14,12.71,82.37,1.71,0.57,0.0,0.0,0.0,0.0,4.86,3.14,0.0,403.29,1.86,3.29,3.86,0.0,84.57
Ricky Henderson,Hawthorn,18,12.06,9.56,21.61,6.61,0.72,0.5,2.11,0.0,2.67,0.39,4.44,17.39,17.28,79.96,1.94,0.11,0.61,1.11,0.11,1.0,2.17,1.11,0.72,338.67,4.78,3.0,2.61,0.39,75.44
Edward Curnow,Carlton,13,12.0,9.69,21.69,3.92,0.46,0.23,5.08,0.0,3.0,0.15,10.38,11.08,15.08,69.53,2.92,0.15,0.08,3.08,1.23,1.85,0.69,1.0,0.54,259.15,4.15,4.23,4.0,0.77,85.54
Toby Greene,GWS,19,11.95,6.26,18.21,5.79,2.37,1.47,2.79,0.0,3.79,0.95,8.47,9.84,10.95,60.13,3.74,1.79,2.37,1.26,0.58,0.68,0.26,0.79,0.32,335.95,7.68,4.58,1.0,1.05,88.0
Nick Haynes,GWS,19,11.95,5.68,17.63,6.05,0.11,0.11,1.53,0.0,1.74,0.16,5.58,12.05,14.05,79.69,2.47,1.0,0.11,0.42,0.11,0.32,3.47,4.21,0.58,324.84,2.89,3.0,6.0,0.0,82.53
Pearce Hanley,Gold Coast,13,11.92,7.69,19.62,5.08,0.08,0.15,2.15,0.0,1.92,0.23,6.0,13.54,14.85,75.69,3.38,0.15,0.08,1.38,0.23,1.15,3.31,1.54,0.92,364.54,3.62,3.54,4.46,0.23,77.77
Jack Martin,Gold Coast,22,11.91,6.73,18.64,6.32,1.09,0.5,2.68,0.0,1.91,0.64,6.68,12.27,13.77,73.87,3.27,0.86,0.86,1.45,0.55,0.86,1.5,0.86,0.27,254.27,4.91,3.23,1.41,0.86,82.32
Jayden Short,Richmond,16,11.88,2.88,14.75,3.81,0.12,0.06,1.31,0.0,2.25,0.0,2.75,11.88,11.75,79.66,2.06,0.06,0.06,0.19,0.0,0.19,3.25,0.69,1.19,362.25,2.75,3.88,3.31,0.06,76.56
Brad Crouch,Adelaide,20,11.85,16.2,28.05,2.8,0.4,0.5,6.85,0.0,4.15,0.65,12.65,14.5,19.35,68.98,3.55,0.05,0.15,5.85,2.45,3.4,1.7,0.8,0.15,333.7,5.65,4.9,2.75,1.25,74.45
Tom Phillips,Collingwood,18,11.83,9.28,21.11,4.89,0.5,0.39,2.89,0.0,2.61,0.61,6.17,15.22,15.44,73.14,2.28,0.17,0.17,1.67,0.22,1.44,1.17,1.06,0.06,316.67,4.72,3.56,3.0,0.44,81.67
David Swallow,Gold Coast,18,11.83,9.83,21.67,2.72,0.61,0.44,5.06,0.0,2.94,0.39,10.11,11.39,13.94,64.33,3.17,0.22,0.39,4.94,2.11,2.83,1.56,1.67,0.11,277.0,4.89,4.22,2.5,0.67,75.06
Jackson Macrae,Western Bulldogs,22,11.82,15.68,27.5,4.55,0.09,0.23,5.77,0.0,3.09,0.45,10.86,16.45,21.23,77.2,1.86,0.23,0.23,3.86,1.09,2.77,1.27,1.09,0.23,258.0,6.27,3.27,3.55,0.73,85.95
Josh P. Kennedy,Sydney,21,11.81,16.38,28.19,2.48,0.76,0.29,4.9,0.0,4.0,0.29,15.1,13.33,19.0,67.4,3.71,0.14,0.24,6.81,3.0,3.76,1.29,1.05,0.05,304.9,5.86,4.71,2.71,0.67,87.33
Dom Tyson,Melbourne,19,11.79,13.47,25.26,4.11,0.26,0.47,3.95,0.0,4.11,0.26,10.0,15.95,16.63,65.84,4.26,0.16,0.26,3.26,1.11,2.16,1.11,0.79,0.32,350.16,4.63,5.21,3.05,0.47,75.89
Dion Prestia,Richmond,22,11.77,11.45,23.23,2.82,0.32,0.55,4.23,0.0,3.41,0.55,9.41,13.95,15.18,65.35,3.14,0.05,0.23,4.05,1.55,2.5,1.45,1.41,0.45,315.77,5.73,4.0,2.68,0.64,81.05
Joel Selwood,Geelong,21,11.76,13.76,25.52,3.19,0.33,0.19,5.05,0.0,3.71,0.76,13.62,12.43,19.0,74.45,3.76,0.52,0.24,6.14,3.24,2.86,1.52,1.67,0.14,305.33,6.29,4.14,3.81,0.33,75.71
Billy Hartung,Hawthorn,18,11.72,10.33,22.06,5.5,0.28,0.39,1.61,0.0,3.0,0.33,4.28,18.22,16.78,76.07,2.0,0.06,0.28,1.44,0.28,1.17,1.44,1.06,2.17,358.06,5.11,3.94,2.11,0.11,78.22
Lachlan Weller,Fremantle,22,11.68,8.36,20.05,4.05,0.23,0.18,2.41,0.0,2.91,0.23,4.5,14.73,15.41,76.86,2.41,0.0,0.09,0.95,0.23,0.73,2.91,1.77,0.82,380.09,3.41,4.36,3.77,0.18,83.09
Lachie Neale,Fremantle,21,11.67,15.57,27.24,4.48,0.67,0.29,4.48,0.0,2.9,0.57,13.0,14.48,21.24,77.97,2.76,0.29,0.38,6.76,2.48,4.33,1.81,0.86,0.71,299.38,5.86,3.38,2.95,0.29,77.62
Brayden Maynard,Collingwood,22,11.64,5.73,17.36,4.14,0.27,0.18,3.27,0.0,2.95,0.27,5.14,12.32,13.05,75.17,2.41,0.23,0.05,0.86,0.32,0.55,2.82,2.77,0.36,331.64,4.14,3.95,4.23,0.09,83.32
Brandon Matera,Gold Coast,10,11.6,5.3,16.9,4.6,2.2,1.2,2.2,0.0,2.5,0.8,5.0,11.6,12.1,71.6,1.7,0.2,1.1,0.9,0.5,0.4,1.4,0.3,0.6,307.3,6.8,3.2,1.7,0.9,75.9
Sam Menegola,Geelong,22,11.59,12.36,23.95,4.95,0.77,0.91,5.86,0.0,4.05,0.59,9.36,14.95,16.64,69.48,3.18,0.41,0.86,2.64,0.5,2.14,1.64,1.0,0.09,361.0,6.32,4.36,2.68,1.45,78.18
Michael Walters,Fremantle,17,11.59,7.65,19.24,4.35,1.29,0.82,2.65,0.0,3.94,0.94,8.41,11.59,14.0,72.77,3.18,0.18,1.06,2.71,1.18,1.53,0.53,1.65,1.12,316.88,6.41,3.41,2.18,0.29,82.24
Jack Billings,St Kilda,22,11.55,11.55,23.09,5.55,1.05,1.64,3.14,0.0,3.95,1.0,7.5,15.73,16.32,70.68,2.23,0.5,1.41,1.45,0.14,1.32,1.14,1.0,0.36,297.86,7.45,4.14,2.55,1.23,84.91
Jayden Hunt,Melbourne,22,11.55,6.45,18.0,3.86,0.32,0.23,3.14,0.0,3.86,0.32,5.09,12.64,12.27,68.17,3.18,0.23,0.14,0.77,0.27,0.5,2.64,3.45,1.95,435.95,3.86,4.73,4.41,0.14,84.41
Kieren Jack,Sydney,19,11.53,6.16,17.68,3.37,0.53,0.58,4.11,0.0,3.58,0.95,7.05,10.89,11.05,62.5,2.42,0.0,0.16,2.05,0.63,1.42,1.05,0.79,0.0,280.74,5.42,4.0,2.11,0.79,76.79
Caleb Marchbank,Carlton,16,11.5,4.0,15.5,6.38,0.0,0.06,2.5,0.0,1.25,0.0,5.0,10.5,11.69,75.42,2.81,0.81,0.06,0.06,0.0,0.06,3.06,3.75,0.0,238.88,2.06,3.31,6.06,0.06,87.75
Liam Shiels,Hawthorn,21,11.38,10.29,21.67,3.62,0.43,0.48,6.14,0.0,3.43,0.43,8.33,12.86,14.62,67.47,3.52,0.0,0.24,4.24,1.48,2.76,1.48,1.05,0.1,287.57,5.52,4.14,2.67,0.57,80.95
Lee Spurr,Fremantle,16,11.38,6.44,17.81,5.38,0.0,0.0,2.31,0.0,1.06,0.06,4.5,13.0,15.06,84.56,2.06,0.5,0.0,0.5,0.19,0.31,3.19,2.25,0.12,247.0,1.88,3.12,4.5,0.0,88.62
Jordan Lewis,Melbourne,19,11.37,14.95,26.32,4.89,0.26,0.16,2.47,0.0,3.0,0.58,9.16,17.63,20.68,78.57,3.58,0.26,0.21,3.58,1.0,2.58,1.58,2.21,0.21,297.79,5.11,4.0,3.63,0.21,87.32
Sam Gray,Port Adelaide,23,11.35,6.52,17.87,6.04,1.22,1.22,2.3,0.0,3.3,0.43,5.39,12.48,12.04,67.38,2.17,0.48,1.26,0.57,0.09,0.48,1.13,0.96,0.96,318.13,6.04,3.39,2.0,0.91,79.87
Reece Conca,Richmond,6,11.33,6.67,18.0,3.33,0.0,0.67,3.0,0.0,1.67,0.0,4.17,11.83,13.33,74.06,2.17,0.0,0.17,0.5,0.17,0.33,4.0,2.0,0.83,362.33,2.83,4.5,4.67,0.0,78.33
Jack Crisp,Collingwood,22,11.32,10.18,21.5,5.55,0.27,0.32,4.05,0.0,2.36,0.23,7.0,14.82,15.91,74.0,2.36,0.14,0.18,1.55,0.32,1.23,2.09,1.95,0.64,317.55,4.68,3.55,5.05,0.55,83.09
Jarrad McVeigh,Sydney,13,11.31,7.23,18.54,4.92,0.54,0.46,2.23,0.0,1.23,0.38,4.23,13.08,15.54,83.82,1.31,0.15,0.38,0.46,0.08,0.38,2.77,1.85,0.23,266.38,5.0,2.31,4.15,0.31,78.69
Justin Westhoff,Port Adelaide,23,11.3,7.87,19.17,5.43,0.65,0.52,3.04,1.35,2.22,0.48,6.91,12.43,14.09,73.5,1.96,0.61,0.83,2.13,0.13,2.0,1.96,3.61,0.0,288.74,5.43,3.09,4.22,0.52,85.48
Nathan Fyfe,Fremantle,21,11.24,15.19,26.43,4.52,0.81,0.62,4.57,0.0,3.9,0.48,14.9,12.05,19.29,72.99,4.24,1.81,0.43,5.9,2.57,3.33,1.38,2.71,0.43,303.24,7.19,4.19,3.52,0.38,88.62
Patrick Cripps,Carlton,15,11.2,13.73,24.93,4.33,0.47,0.27,6.0,0.0,3.07,0.2,13.53,11.27,17.13,68.71,3.33,0.73,0.53,6.67,2.93,3.73,1.47,1.2,0.27,234.47,4.13,4.73,2.2,0.47,83.47
Nicholas Graham,Carlton,10,11.2,7.5,18.7,5.0,0.3,0.4,4.7,0.0,2.9,0.5,7.2,12.1,13.2,70.59,2.9,0.2,0.4,2.4,0.9,1.5,1.1,0.5,0.2,228.1,3.9,3.9,1.6,0.7,73.9
Will Hoskin-Elliott,Collingwood,22,11.18,7.23,18.41,6.5,0.82,0.27,3.18,0.0,3.5,0.5,6.23,12.91,13.77,74.8,1.77,0.55,0.68,1.23,0.27,0.95,1.05,2.18,0.32,297.64,5.23,3.09,3.05,0.5,84.14
Jimmy Webster,St Kilda,18,11.17,7.61,18.78,3.61,0.06,0.0,1.78,0.0,1.56,0.28,4.83,13.33,14.0,74.55,1.89,0.22,0.0,0.44,0.06,0.39,3.61,2.72,0.72,309.0,3.67,3.56,5.44,0.0,79.11
Sam Gibson,North Melbourne,22,11.14,10.95,22.09,4.55,0.23,0.41,3.23,0.0,2.18,0.55,6.82,15.14,16.14,73.06,2.0,0.18,0.27,1.82,0.41,1.41,2.05,0.86,0.09,261.18,4.5,3.45,4.05,0.45,87.59
Zak Jones,Sydney,23,11.13,8.78,19.91,4.74,0.43,0.26,3.43,0.0,3.35,0.65,6.09,14.09,15.17,76.19,3.43,0.35,0.26,1.78,0.35,1.43,2.96,1.83,0.96,355.87,4.83,4.0,3.0,0.3,83.96
Callum Mills,Sydney,24,11.12,6.17,17.29,5.04,0.04,0.08,2.46,0.0,1.92,0.08,4.96,11.92,13.88,80.28,2.0,0.92,0.04,0.79,0.29,0.5,2.79,2.42,0.0,295.0,3.0,3.33,5.62,0.17,80.96
Jeremy McGovern,West Coast,24,11.08,5.62,16.71,8.0,0.42,0.58,1.79,2.08,2.17,0.5,7.75,9.54,12.46,74.57,2.29,2.54,0.71,0.5,0.04,0.46,2.58,5.62,0.04,249.21,4.21,3.33,7.58,0.42,84.71
Matthew Broadbent,Port Adelaide,15,11.07,7.6,18.67,4.47,0.2,0.0,2.07,0.0,2.13,0.33,5.13,12.53,14.47,77.5,2.67,0.27,0.07,0.87,0.13,0.73,3.4,1.87,0.47,339.73,4.2,3.8,5.0,0.07,81.93
Lewis Taylor,Brisbane,22,11.05,8.41,19.45,3.95,0.77,0.68,2.68,0.0,3.36,0.86,5.18,14.55,14.64,75.27,1.55,0.0,0.27,1.0,0.27,0.73,1.45,0.64,0.5,300.64,5.64,2.59,1.91,0.64,85.73
Steven Motlop,Geelong,23,11.0,8.3,19.3,2.87,0.96,0.3,2.57,0.0,3.39,0.7,4.83,14.43,14.35,74.35,2.78,0.13,0.39,0.78,0.0,0.78,1.22,0.65,2.78,310.52,5.87,3.43,1.7,0.43,83.13
Blaine Boekhorst,Carlton,7,11.0,5.57,16.57,4.43,1.0,0.14,3.0,0.0,2.29,0.29,4.29,12.71,12.43,75.02,2.71,0.0,0.29,0.86,0.14,0.71,2.14,1.14,0.29,307.43,3.86,2.86,3.29,0.57,73.0
Danyle Pearce,Fremantle,7,11.0,6.57,17.57,2.29,0.43,0.0,3.29,0.0,3.71,0.14,6.71,9.86,11.14,63.4,2.57,0.0,0.14,1.0,0.29,0.71,1.57,0.71,0.14,307.14,3.86,5.0,3.29,0.43,82.86
Nick Riewoldt,St Kilda,17,10.94,5.88,16.82,7.35,1.71,0.71,2.24,0.06,2.29,0.53,5.29,11.82,12.82,76.22,1.71,1.24,2.18,0.82,0.0,0.82,0.47,1.59,0.06,203.35,6.47,2.82,1.18,1.24,89.76
Karl Amon,Port Adelaide,14,10.93,7.79,18.71,4.14,0.36,0.36,2.43,0.0,2.93,0.36,5.93,12.93,13.36,71.41,2.71,0.14,0.21,1.36,0.14,1.21,2.14,1.0,0.5,341.86,4.14,3.71,2.86,0.71,71.5
Michael Barlow,Gold Coast,12,10.92,14.5,25.42,4.42,0.83,0.67,4.0,0.0,3.25,0.5,8.17,16.67,17.08,67.19,3.25,0.33,0.75,2.83,1.0,1.83,1.75,0.83,0.08,301.5,6.33,4.67,3.08,0.58,83.75
Sam Kerridge,Carlton,11,10.91,10.73,21.64,5.0,0.18,0.18,4.36,0.0,2.55,0.55,8.36,13.73,15.73,72.69,4.18,0.18,0.27,2.45,0.45,2.0,2.82,0.73,0.36,274.82,3.82,4.55,3.36,0.91,85.09
Luke Ryan,Fremantle,11,10.91,5.0,15.91,6.27,0.0,0.0,4.0,0.0,1.27,0.0,4.45,11.55,12.73,80.01,2.45,0.45,0.0,0.45,0.09,0.36,3.73,3.18,0.0,284.27,2.82,3.36,5.82,0.0,81.18
Robbie Tarrant,North Melbourne,21,10.9,6.86,17.76,6.24,0.05,0.05,2.62,0.0,2.14,0.14,5.71,11.9,14.71,82.83,2.9,1.05,0.0,0.24,0.0,0.24,4.29,4.05,0.1,316.52,2.95,2.86,6.76,0.0,92.1
Jeremy Cameron,GWS,19,10.89,4.95,15.84,7.05,2.37,1.32,2.05,0.0,3.37,0.58,4.68,11.05,12.11,76.45,2.11,0.68,2.16,0.21,0.05,0.16,0.37,1.37,0.11,274.63,7.68,2.47,1.42,0.74,83.42
Conor McKenna,Essendon,19,10.89,6.05,16.95,3.63,0.26,0.05,1.53,0.0,2.0,0.37,4.84,11.16,12.79,75.46,3.0,0.26,0.05,0.42,0.11,0.32,2.89,1.95,2.37,337.68,3.89,3.37,4.05,0.0,77.84
Martin Gleeson,Essendon,18,10.89,5.56,16.44,5.89,0.06,0.0,1.78,0.0,1.78,0.17,5.11,11.06,13.39,81.45,2.28,0.83,0.0,0.22,0.0,0.22,2.67,3.67,0.39,250.78,3.22,2.89,6.78,0.06,82.22
Dale Thomas,Carlton,18,10.89,6.61,17.5,5.72,0.44,0.39,1.72,0.0,2.89,0.39,5.06,12.39,11.94,68.23,3.0,0.39,0.67,1.39,0.22,1.17,1.11,1.11,0.61,258.22,3.72,3.39,2.44,0.44,74.28
Joe Daniher,Essendon,23,10.83,4.48,15.3,6.65,2.83,1.7,1.35,3.39,3.22,0.48,6.39,8.57,10.09,65.95,3.39,1.87,2.65,0.78,0.39,0.39,0.48,1.48,0.43,301.3,7.52,3.35,1.0,0.48,92.26
Alex Neal-Bullen,Melbourne,19,10.74,8.16,18.89,3.21,0.79,0.47,4.58,0.0,3.42,0.95,6.68,11.95,12.0,63.53,2.79,0.16,0.68,1.79,0.63,1.16,0.95,1.0,0.16,259.32,5.47,4.05,1.95,0.63,80.68
James Sicily,Hawthorn,19,10.74,7.79,18.53,6.89,0.68,0.47,1.16,0.0,1.58,0.21,5.79,12.26,15.21,82.08,3.16,1.68,0.32,0.16,0.0,0.16,2.47,2.05,0.74,294.05,4.21,3.89,5.05,0.11,84.47
Matthew Wright,Carlton,22,10.73,5.5,16.23,4.36,1.36,0.55,2.91,0.0,2.68,0.77,5.95,10.0,11.05,68.08,1.82,0.23,0.82,1.23,0.36,0.86,0.77,0.91,0.18,254.23,5.27,3.68,1.77,1.0,82.95
Brent Stanton,Essendon,7,10.71,5.43,16.14,5.43,0.29,0.14,2.86,0.0,2.14,0.43,3.71,12.43,12.29,76.15,2.14,0.0,0.0,0.86,0.29,0.57,1.71,1.57,0.0,221.71,4.0,2.14,2.29,0.29,78.86
Jake Melksham,Melbourne,19,10.63,6.11,16.74,4.42,1.11,0.32,2.53,0.0,3.42,0.42,3.89,12.74,12.05,71.98,3.11,0.16,0.53,1.11,0.47,0.63,1.32,1.63,0.32,324.11,4.84,3.79,2.05,0.74,80.32
Jamie MacMillan,North Melbourne,13,10.54,8.23,18.77,3.62,0.15,0.23,2.0,0.0,2.23,0.31,4.69,13.15,15.69,83.59,1.92,0.15,0.15,0.23,0.08,0.15,4.23,2.15,0.92,420.77,3.85,4.0,5.23,0.08,85.62
Lewis Jetta,West Coast,15,10.53,5.4,15.93,3.8,0.6,0.33,2.2,0.0,3.33,0.47,4.07,11.67,12.2,76.59,2.0,0.07,0.47,1.2,0.2,1.0,1.47,1.33,0.67,305.73,4.6,3.67,2.33,0.4,81.13
Kane Lambert,Richmond,24,10.5,10.96,21.46,3.58,0.54,0.54,4.58,0.0,4.08,0.96,7.96,13.08,14.67,68.36,2.46,0.12,0.71,2.5,0.67,1.83,0.75,0.96,0.21,290.71,6.71,4.38,2.54,0.83,83.83
Caleb Daniel,Western Bulldogs,20,10.5,11.2,21.7,2.95,0.25,0.25,2.85,0.0,2.5,0.25,7.1,14.9,16.9,77.88,1.7,0.0,0.05,1.8,0.65,1.15,1.4,1.55,0.4,260.3,5.25,3.05,3.2,0.55,81.8
Daniel Hannebery,Sydney,23,10.48,14.26,24.74,4.04,0.52,0.17,5.17,0.0,3.17,0.65,9.83,14.96,17.57,71.02,2.74,0.17,0.52,3.04,0.78,2.3,1.48,0.57,0.13,280.17,5.35,3.78,3.7,0.7,81.87
Brayden Fiorini,Gold Coast,13,10.46,10.62,21.08,5.77,0.38,0.0,2.77,0.0,1.77,0.54,5.69,14.92,15.38,72.96,1.92,0.0,0.46,1.85,0.69,1.15,2.0,0.46,0.23,180.92,3.77,3.46,1.92,0.08,76.62
James Kelly,Essendon,20,10.45,9.8,20.25,5.75,0.0,0.0,3.7,0.0,1.7,0.4,5.55,14.4,16.45,81.23,2.8,0.3,0.0,0.65,0.05,0.6,2.75,1.85,0.05,223.65,3.9,3.15,5.05,0.1,82.75
Michael Johnson,Fremantle,22,10.41,5.91,16.32,5.59,0.09,0.05,1.55,0.59,0.64,0.0,5.55,9.91,13.32,81.62,2.45,0.91,0.09,0.27,0.09,0.18,3.5,3.41,0.09,257.68,2.68,2.45,6.27,0.0,90.68
Jake Lever,Adelaide,20,10.4,5.6,16.0,6.25,0.05,0.05,1.75,0.05,1.6,0.1,6.7,9.65,13.0,81.25,2.4,1.1,0.0,0.15,0.0,0.15,3.5,6.1,0.25,261.0,2.8,2.4,9.5,0.0,85.25
Darcy Byrne-Jones,Port Adelaide,23,10.39,5.83,16.22,4.04,0.04,0.13,2.83,0.0,2.13,0.09,6.22,10.22,11.91,73.43,2.3,0.35,0.04,0.87,0.26,0.65,2.0,2.26,0.3,243.48,2.57,3.48,6.13,0.09,84.0
Luke Dunstan,St Kilda,16,10.38,11.25,21.62,4.19,0.62,0.56,4.94,0.0,3.81,0.75,8.31,12.94,16.12,74.56,2.5,0.12,0.62,4.0,1.94,2.06,1.19,1.06,0.44,274.06,6.06,2.25,2.06,0.75,72.12
Ben Reid,Collingwood,15,10.33,3.53,13.87,6.27,0.93,0.87,1.2,0.33,1.67,0.67,4.93,9.13,9.87,71.16,1.67,1.2,1.2,0.13,0.0,0.13,1.33,3.0,0.07,244.2,4.8,2.53,3.07,0.47,84.2
Travis Boak,Port Adelaide,22,10.32,12.18,22.5,4.77,0.86,0.59,4.5,0.0,3.18,0.68,8.0,14.32,16.05,71.33,3.09,0.27,0.5,2.86,0.5,2.36,1.18,0.82,0.14,245.59,5.91,3.86,2.64,0.95,79.91
David MacKay,Adelaide,22,10.32,6.55,16.86,3.0,0.41,0.36,3.45,0.0,3.0,0.32,5.18,12.27,12.23,72.54,2.77,0.0,0.27,1.05,0.23,0.82,1.73,1.14,0.45,331.95,4.64,3.73,3.05,0.27,77.55
Tom McDonald,Melbourne,22,10.32,7.32,17.64,6.32,1.05,0.32,2.27,2.41,2.09,0.41,6.64,11.09,13.41,76.02,3.36,1.23,0.82,0.86,0.41,0.45,1.95,5.82,0.14,254.77,4.77,3.59,3.68,0.68,91.27
Sharrod Wellingham,West Coast,13,10.31,7.0,17.31,4.62,0.0,0.23,1.92,0.0,1.54,0.38,4.85,11.69,12.69,73.31,3.23,0.23,0.15,0.62,0.23,0.38,3.08,1.69,0.38,297.38,3.15,3.31,5.08,0.0,79.23
Taylor Walker,Adelaide,23,10.3,4.57,14.87,6.35,2.35,1.52,1.91,0.0,3.91,1.43,6.7,8.61,9.83,66.11,3.13,1.57,2.65,0.22,0.0,0.22,0.09,1.22,0.0,289.35,8.26,3.61,1.22,1.17,88.3
Dan Houston,Port Adelaide,17,10.29,5.94,16.24,5.94,0.12,0.18,3.06,0.0,1.41,0.0,4.24,11.41,13.29,81.83,1.65,0.29,0.0,0.24,0.12,0.12,3.41,2.76,0.06,221.0,3.12,2.76,5.41,0.06,80.12
Bailey Dale,Western Bulldogs,16,10.25,7.0,17.25,3.19,1.06,0.44,1.94,0.0,2.88,0.56,5.69,11.88,11.44,66.32,2.0,0.25,0.5,1.62,0.19,1.44,1.44,0.81,0.19,279.31,4.88,3.5,1.88,0.44,80.12
David Mundy,Fremantle,21,10.24,11.1,21.33,3.81,0.62,0.43,4.14,0.05,3.29,0.76,9.57,12.0,15.48,72.57,1.71,0.1,0.81,3.86,1.57,2.24,1.19,1.19,0.0,254.14,5.43,3.05,2.29,0.48,79.24
Josh Caddy,Richmond,22,10.23,7.05,17.27,4.18,0.95,1.0,3.09,0.09,2.55,0.45,7.23,9.59,11.59,67.11,2.77,0.5,1.14,2.64,0.77,1.86,1.0,1.14,0.36,245.5,5.32,3.73,2.73,0.77,80.14
Hamish Hartlett,Port Adelaide,21,10.19,7.71,17.9,5.05,0.19,0.24,2.24,0.0,2.05,0.24,6.52,11.19,14.14,78.99,1.71,0.52,0.1,0.43,0.19,0.24,2.76,2.0,0.1,269.33,3.67,2.95,7.33,0.0,77.43
Nick Vlastuin,Richmond,16,10.19,5.31,15.5,5.62,0.12,0.06,2.69,0.0,1.62,0.56,5.62,9.62,12.88,83.1,2.25,0.69,0.25,0.88,0.25,0.62,4.0,2.62,0.19,310.38,3.5,3.0,6.19,0.44,77.56
Daniel Wells,Collingwood,10,10.1,8.4,18.5,4.7,1.1,0.5,2.2,0.0,3.3,0.6,4.3,14.3,14.6,78.92,2.0,0.1,1.3,2.3,0.6,1.7,0.3,0.6,0.6,288.6,7.1,3.3,0.8,0.6,71.7
Robbie Gray,Port Adelaide,23,10.09,8.87,18.96,4.3,2.04,1.26,2.52,0.0,2.7,1.3,9.13,10.35,13.13,69.25,2.87,0.91,2.35,2.87,1.22,1.65,0.83,1.0,0.65,231.3,7.57,2.91,1.91,1.04,91.22
Trent Dumont,North Melbourne,19,10.05,10.53,20.58,2.42,0.37,0.16,4.37,0.0,3.68,0.58,9.05,11.84,13.74,66.76,3.21,0.05,0.11,3.63,1.47,2.16,1.74,0.89,0.05,290.58,5.0,4.32,2.68,0.58,76.84
Tom Scully,GWS,24,10.0,13.08,23.08,3.75,0.62,0.29,3.12,0.0,3.67,0.79,9.0,14.62,17.54,76.0,2.62,0.04,0.33,3.38,0.29,3.08,1.46,0.75,0.71,312.83,6.17,3.83,2.29,0.54,90.96
Mark Lecras,West Coast,19,10.0,4.21,14.21,4.95,1.68,1.11,2.37,0.0,2.37,0.58,4.32,9.11,9.0,63.34,2.26,0.32,1.37,1.0,0.11,0.89,0.16,0.47,0.47,259.68,5.47,2.95,0.74,0.89,87.32
Jed Lamb,Carlton,11,10.0,2.82,12.82,4.64,0.55,0.91,2.55,0.0,3.45,0.91,3.82,8.73,8.64,67.39,1.64,0.27,1.18,0.36,0.09,0.27,0.0,0.27,0.64,262.27,4.27,2.91,1.27,1.27,76.45
Jordan De Goey,Collingwood,14,9.93,9.0,18.93,4.29,1.0,0.57,3.36,0.07,3.29,0.64,7.29,12.14,14.29,75.49,1.79,0.43,0.79,2.43,0.79,1.64,0.71,1.0,0.29,269.79,6.29,2.79,1.5,1.0,81.5
Alex Sexton,Gold Coast,20,9.9,5.8,15.7,4.65,0.6,0.35,1.4,0.0,3.35,0.5,4.25,11.75,11.65,74.2,2.75,0.25,0.2,0.95,0.2,0.75,1.45,1.8,0.7,315.85,4.4,3.85,2.45,0.1,80.95
Blake Acres,St Kilda,18,9.89,10.44,20.33,4.5,0.61,0.22,2.83,0.11,3.44,0.28,6.0,14.78,15.28,75.16,2.33,0.33,0.67,1.5,0.17,1.33,1.5,0.89,0.56,294.78,5.17,3.39,2.56,0.33,78.11
Jack Sinclair,St Kilda,17,9.88,10.88,20.76,3.71,0.47,0.47,3.29,0.0,2.65,0.88,8.41,12.65,15.35,73.94,1.53,0.24,0.35,2.29,0.41,1.88,1.12,1.41,0.47,297.06,5.71,2.41,3.88,0.88,83.88
Devon Smith,GWS,16,9.88,8.62,18.5,3.19,0.94,0.88,4.94,0.0,3.06,0.56,6.62,12.0,12.75,68.92,2.06,0.19,0.75,2.19,0.31,1.88,0.25,0.81,0.88,240.38,5.94,2.56,2.0,1.19,80.5
Charlie Curnow,Carlton,21,9.86,4.29,14.14,5.67,0.95,0.57,2.9,0.29,2.76,0.57,6.48,7.76,10.95,77.44,2.24,1.71,1.24,0.48,0.1,0.38,0.57,1.14,0.05,249.14,4.71,3.1,2.19,0.71,82.67
Jack Redden,West Coast,19,9.84,10.63,20.47,4.58,0.21,0.05,5.16,0.0,2.16,0.42,9.0,12.21,15.16,74.06,3.21,0.11,0.05,3.42,1.11,2.32,1.74,1.05,0.05,219.16,4.21,3.74,2.53,0.68,77.26
Shaun Burgoyne,Hawthorn,22,9.82,10.55,20.36,4.23,0.77,0.45,3.95,0.0,3.27,0.91,9.41,11.0,16.64,81.73,2.45,0.23,0.59,3.36,1.45,1.91,1.27,1.95,0.45,254.45,6.09,3.0,3.05,0.77,81.14
Matthew Kreuzer,Carlton,21,9.81,5.48,15.29,3.29,0.57,0.57,5.1,31.67,2.76,0.24,9.81,5.57,8.86,57.95,2.38,0.9,0.76,4.48,1.57,2.9,1.52,3.0,0.0,205.29,4.57,3.24,2.1,0.62,84.76
William Langford,Hawthorn,20,9.8,8.3,18.1,3.25,0.35,0.75,3.5,0.0,3.3,0.65,8.35,9.5,11.25,62.15,3.5,0.3,1.0,2.7,0.8,1.9,0.6,1.25,0.15,237.55,5.6,3.8,2.55,0.9,76.4
Ed Langdon,Fremantle,10,9.8,8.1,17.9,4.2,0.5,0.3,1.9,0.0,2.2,0.3,4.8,13.1,13.4,74.86,2.6,0.3,0.5,1.2,0.2,1.0,1.4,1.2,0.3,260.0,3.9,3.6,2.0,0.4,78.9
Darcy Parish,Essendon,20,9.75,11.3,21.05,3.95,0.35,0.3,3.25,0.0,2.6,0.6,8.4,12.95,15.0,71.26,2.5,0.0,0.3,3.2,1.0,2.2,1.35,0.75,0.05,257.0,5.0,4.0,2.4,0.75,76.8
Dane Rampe,Sydney,17,9.71,6.88,16.59,5.82,0.0,0.06,1.88,0.0,1.12,0.12,4.65,11.24,13.82,83.3,2.29,0.29,0.06,0.24,0.0,0.24,4.12,4.47,0.24,284.65,2.12,2.41,6.29,0.0,91.82
Mitch Robinson,Brisbane,7,9.71,9.86,19.57,3.86,1.29,0.29,4.14,0.0,3.43,0.71,8.57,10.57,13.29,67.91,2.71,0.43,0.57,3.43,1.86,1.57,1.29,1.43,0.0,253.14,5.43,3.57,2.14,1.0,79.86
Jobe Watson,Essendon,20,9.7,13.8,23.5,4.85,0.1,0.35,4.25,0.0,2.15,0.6,10.15,13.65,16.35,69.57,3.0,0.0,0.4,4.7,2.6,2.1,0.75,1.25,0.1,176.7,6.15,3.6,2.2,0.6,74.6
Chris Masten,West Coast,13,9.69,12.85,22.54,4.23,0.23,0.15,2.69,0.0,2.85,0.38,6.15,16.92,17.54,77.82,2.15,0.0,0.08,1.69,0.31,1.38,1.46,0.77,0.15,242.85,4.77,4.0,3.0,0.31,81.69
Lachlan Henderson,Geelong,22,9.68,6.95,16.64,6.59,0.18,0.09,2.05,0.0,1.41,0.05,5.77,11.0,13.32,80.05,1.82,0.82,0.23,0.18,0.0,0.18,3.0,4.05,0.36,246.32,3.32,2.36,7.05,0.09,93.14
Tom Papley,Sydney,20,9.65,5.95,15.6,3.35,1.5,0.95,4.3,0.0,3.15,0.9,6.55,8.85,10.65,68.27,2.7,0.45,1.05,1.8,0.65,1.15,0.55,0.65,0.65,233.15,6.0,3.4,1.85,1.25,79.7
Tom Lynch,Gold Coast,19,9.63,5.58,15.21,6.32,2.32,1.26,1.89,0.11,2.42,0.84,6.74,8.68,10.63,69.89,2.79,1.42,2.16,0.11,0.05,0.05,0.32,2.16,0.21,214.84,7.0,3.16,1.42,0.84,97.89
Kamdyn Mcintosh,Richmond,24,9.62,5.29,14.92,3.54,0.08,0.21,3.17,0.0,2.67,0.33,4.83,9.92,10.5,70.38,2.38,0.42,0.17,0.42,0.0,0.42,1.88,2.83,0.71,290.5,2.92,2.92,3.75,0.25,79.21
James Frawley,Hawthorn,8,9.62,4.88,14.5,6.5,0.0,0.0,1.62,0.0,0.75,0.25,2.88,11.25,11.88,81.93,2.12,0.12,0.0,0.25,0.12,0.12,2.5,7.88,0.0,240.38,2.38,3.38,4.25,0.0,94.88
Jack Riewoldt,Richmond,23,9.61,3.65,13.26,6.0,2.35,1.61,2.48,0.52,2.96,0.48,6.52,7.22,7.57,57.09,3.04,1.61,3.35,0.48,0.04,0.43,0.09,2.0,0.0,252.74,6.91,3.7,1.26,1.3,93.65
Oscar McDonald,Melbourne,20,9.6,5.8,15.4,5.4,0.0,0.0,1.6,0.0,0.95,0.0,5.05,10.3,12.2,79.22,2.0,0.45,0.0,0.4,0.05,0.35,2.7,8.0,0.0,231.1,1.75,2.6,6.5,0.0,92.15
Jarrad Waite,North Melbourne,10,9.6,4.5,14.1,4.9,2.2,1.8,2.5,0.5,2.2,0.7,6.0,8.4,8.9,63.12,2.2,1.1,2.6,0.3,0.2,0.1,0.2,2.0,0.1,228.9,7.6,2.0,1.2,1.6,82.5
Jamie Elliott,Collingwood,17,9.59,4.47,14.06,6.06,2.0,0.94,2.24,0.0,2.47,0.41,4.59,9.53,9.0,64.01,2.35,0.65,2.06,0.35,0.0,0.35,0.06,1.29,0.76,221.53,5.94,2.59,1.0,1.06,78.29
Liam Duggan,West Coast,20,9.55,7.1,16.65,4.3,0.2,0.15,2.4,0.0,1.95,0.25,5.1,12.05,11.9,71.47,2.45,0.1,0.15,0.95,0.5,0.45,2.35,1.6,0.3,278.55,3.15,4.05,4.35,0.25,78.9
Lynden Dunn,Collingwood,17,9.53,4.0,13.53,5.18,0.06,0.06,1.35,0.0,0.76,0.0,3.94,8.53,11.24,83.07,1.71,0.53,0.0,0.29,0.0,0.29,3.24,4.53,0.24,268.65,2.47,2.47,5.59,0.0,88.82
Charlie Dixon,Port Adelaide,23,9.48,5.09,14.57,6.48,2.13,1.3,3.09,1.26,3.48,0.7,8.78,6.3,9.61,65.96,2.78,2.57,2.87,0.48,0.22,0.22,0.0,2.09,0.0,251.13,7.43,3.04,1.61,1.3,93.13
Kaiden Brand,Hawthorn,17,9.47,6.53,16.0,6.12,0.0,0.0,1.12,0.0,0.94,0.06,4.71,10.82,12.88,80.5,1.82,0.82,0.0,0.24,0.0,0.24,1.82,5.76,0.06,191.24,2.41,1.76,5.71,0.0,94.59
Charlie Cameron,Adelaide,24,9.46,4.46,13.92,2.79,1.21,1.04,4.29,0.0,4.04,0.71,6.29,8.04,8.38,60.2,2.54,0.5,1.21,1.42,0.42,1.0,0.96,0.5,2.0,304.79,5.33,3.62,1.79,1.38,83.25
Adam Tomlinson,GWS,24,9.46,4.29,13.75,4.96,0.04,0.0,1.62,0.0,1.33,0.04,3.71,10.08,10.58,76.95,2.5,0.17,0.0,0.12,0.04,0.08,2.75,3.75,0.21,259.04,2.5,2.71,4.42,0.0,93.0
Travis Colyer,Essendon,22,9.45,7.27,16.73,3.91,0.55,0.59,2.86,0.0,2.73,0.36,5.64,11.05,11.68,69.81,2.36,0.14,0.36,1.77,0.32,1.45,1.18,0.95,0.95,260.55,4.95,2.73,1.91,0.27,74.91
Ryan Bastinac,Brisbane,16,9.44,8.56,18.0,4.25,1.19,0.31,3.44,0.0,2.44,0.25,7.0,11.5,12.69,70.5,2.5,0.19,0.88,2.12,0.56,1.56,1.81,1.12,0.25,265.56,5.06,3.0,3.0,0.69,82.62
Toby McLean,Western Bulldogs,19,9.42,13.0,22.42,3.16,0.68,0.63,4.53,0.0,3.63,0.47,8.89,13.79,16.05,71.59,2.74,0.16,0.53,3.0,0.68,2.32,0.79,0.47,0.21,253.63,6.53,3.32,3.11,0.95,76.63
Dean Kent,Melbourne,6,9.33,5.67,15.0,4.5,1.17,1.0,2.17,0.0,2.5,0.5,4.33,10.83,10.0,66.67,2.17,0.33,1.33,0.17,0.17,0.0,0.67,0.83,0.0,229.33,5.17,2.83,1.5,0.5,73.17
Nathan Broad,Richmond,10,9.3,4.7,14.0,4.1,0.0,0.0,2.5,0.0,1.3,0.2,4.5,9.0,9.8,70.0,2.2,0.2,0.0,0.3,0.1,0.2,2.8,4.5,0.2,219.5,2.1,2.9,5.9,0.0,78.0
George Horlin-Smith,Geelong,7,9.29,9.71,19.0,1.86,0.57,0.43,4.29,0.0,3.29,0.86,8.57,11.0,14.29,75.21,2.14,0.0,0.29,4.86,1.43,3.57,1.14,0.57,0.0,295.29,5.43,2.0,0.71,0.57,69.71
Heath Grundy,Sydney,24,9.25,7.5,16.75,5.42,0.0,0.08,1.33,0.0,1.08,0.12,5.12,11.54,13.67,81.61,2.46,0.92,0.0,0.04,0.0,0.04,3.46,4.33,0.08,253.46,2.04,2.92,7.25,0.0,91.04
Tim Membrey,St Kilda,20,9.25,3.7,12.95,6.5,1.9,0.7,1.5,0.05,2.45,0.45,5.4,7.75,9.7,74.9,1.65,1.7,2.2,0.15,0.1,0.05,0.15,1.65,0.15,210.1,6.3,2.35,1.5,0.8,86.2
Bailey Williams,Western Bulldogs,12,9.25,7.08,16.33,3.92,0.0,0.5,2.33,0.0,1.67,0.33,3.42,12.25,12.33,75.51,1.75,0.25,0.08,0.33,0.08,0.25,2.75,1.83,0.25,277.67,3.17,3.42,3.83,0.0,77.0
Luke Brown,Adelaide,24,9.21,5.5,14.71,3.79,0.12,0.0,1.92,0.0,1.5,0.17,4.71,9.29,11.79,80.15,1.46,0.33,0.04,0.38,0.04,0.33,2.88,2.54,0.21,246.96,2.71,2.67,5.67,0.08,82.29
Matthew Rosa,Gold Coast,19,9.21,11.89,21.11,4.68,0.05,0.21,2.68,0.0,2.89,0.53,6.53,15.11,16.79,79.54,2.05,0.05,0.21,1.84,0.16,1.68,1.42,1.74,0.32,225.79,4.16,2.84,2.79,0.26,83.26
Ben Cunnington,North Melbourne,20,9.2,16.35,25.55,2.9,0.5,0.25,4.85,0.0,2.75,0.4,14.7,11.05,18.1,70.84,3.95,0.45,0.3,6.95,3.1,3.85,1.15,0.75,0.0,249.25,5.45,3.85,3.65,0.4,74.25
Jake Carlisle,St Kilda,22,9.18,5.23,14.41,5.95,0.23,0.05,1.45,0.05,0.95,0.0,5.59,7.95,11.5,79.81,1.55,1.55,0.09,0.0,0.0,0.0,2.27,4.05,0.09,185.27,2.36,2.41,7.55,0.09,91.73
Matthew Dea,Essendon,6,9.17,5.5,14.67,5.0,0.17,0.0,2.33,0.0,0.5,0.17,4.5,10.33,12.33,84.05,1.33,0.5,0.0,0.0,0.0,0.0,3.0,4.33,0.17,185.83,3.17,1.5,5.5,0.0,89.33
Alex Rance,Richmond,25,9.16,6.84,16.0,5.2,0.04,0.0,2.4,0.04,0.84,0.04,6.76,9.36,12.68,79.25,2.44,1.08,0.04,0.2,0.0,0.2,3.88,9.68,0.08,270.56,2.48,2.44,9.44,0.04,97.2
Jesse Hogan,Melbourne,10,9.1,5.1,14.2,5.1,2.0,0.6,1.5,0.0,2.6,0.6,5.5,8.7,9.5,66.9,1.9,1.0,2.1,0.3,0.1,0.2,0.2,0.9,0.1,214.1,5.4,2.9,1.2,0.6,80.5
Luke Dahlhaus,Western Bulldogs,22,9.05,16.0,25.05,3.36,0.59,0.27,4.23,0.0,2.95,0.41,9.73,15.77,18.59,74.21,2.73,0.23,0.32,2.73,1.05,1.73,1.18,1.18,0.45,245.55,7.14,3.91,2.45,0.59,79.23
Tom Hawkins,Geelong,22,9.05,4.55,13.59,5.27,2.32,1.18,2.77,0.23,1.86,0.77,6.73,6.64,8.77,64.53,2.77,1.64,2.68,0.32,0.05,0.27,0.05,1.59,0.09,194.32,6.45,2.86,1.05,1.55,93.0
Ryan Lester,Brisbane,22,9.0,7.23,16.23,5.32,0.64,0.36,2.86,0.0,1.41,0.77,6.0,10.45,13.36,82.32,1.55,0.64,0.73,1.23,0.36,0.86,1.5,1.64,0.14,177.68,4.32,1.86,2.86,0.64,81.95
Jacob Weitering,Carlton,22,9.0,4.68,13.68,5.55,0.32,0.14,1.27,0.0,1.23,0.23,5.23,8.18,10.86,79.39,2.0,0.73,0.36,0.18,0.05,0.14,1.91,3.59,0.41,181.5,2.18,2.59,4.27,0.32,85.64
Josh Jenkins,Adelaide,21,9.0,4.19,13.19,5.24,2.14,1.05,2.48,5.19,2.67,0.67,5.71,8.05,9.05,68.61,2.57,1.19,2.0,0.43,0.14,0.29,0.38,1.48,0.19,253.05,6.33,3.52,0.95,0.76,84.19
Thomas Stewart,Geelong,21,9.0,5.71,14.71,4.1,0.1,0.1,2.62,0.0,1.24,0.19,4.48,9.67,11.24,76.41,2.67,0.43,0.0,0.24,0.05,0.19,2.76,4.76,0.38,247.48,2.29,2.86,4.95,0.05,80.67
Cameron Sutcliffe,Fremantle,13,9.0,6.0,15.0,3.23,0.0,0.23,3.46,0.0,1.0,0.15,4.08,11.08,11.31,75.4,2.31,0.23,0.0,0.85,0.38,0.46,2.15,2.15,0.15,198.38,2.85,2.92,2.85,0.31,79.62
Tom Langdon,Collingwood,11,9.0,10.09,19.09,5.64,0.0,0.09,2.55,0.0,1.82,0.09,7.36,12.45,16.0,83.81,2.18,1.0,0.0,0.27,0.09,0.18,2.0,3.0,0.09,224.64,3.18,3.0,8.09,0.09,85.09
Garrick Ibbotson,Fremantle,10,9.0,5.4,14.4,4.0,0.0,0.1,1.5,0.0,0.7,0.1,4.4,9.7,11.6,80.56,2.4,0.3,0.2,0.1,0.0,0.1,3.0,2.5,0.0,184.1,2.5,2.8,5.6,0.0,85.8
Jack Redpath,Western Bulldogs,9,9.0,2.11,11.11,6.78,1.67,1.44,1.22,0.67,2.33,0.56,2.67,8.22,6.56,59.05,2.78,0.89,3.0,0.22,0.11,0.11,0.11,1.22,0.0,162.22,5.78,2.67,0.67,0.56,82.89
Sam Lloyd,Richmond,8,9.0,4.62,13.62,4.88,0.75,0.75,2.88,0.0,3.0,0.88,4.5,8.62,9.0,66.08,2.25,0.5,1.38,0.38,0.25,0.12,0.62,0.75,0.38,228.0,4.75,2.38,1.5,1.12,80.12
Liam Picken,Western Bulldogs,22,8.95,9.68,18.64,3.82,1.09,0.64,3.05,0.0,2.68,0.45,7.05,11.41,12.59,67.54,2.36,0.82,1.09,0.95,0.18,0.77,0.82,0.95,0.23,233.95,6.23,3.36,2.32,0.73,82.14
Levi Greenwood,Collingwood,16,8.94,6.69,15.62,4.56,0.44,1.12,3.19,0.0,2.81,0.44,5.12,10.25,10.38,66.45,2.25,0.5,1.0,1.38,0.69,0.69,0.44,1.19,0.06,217.25,4.75,2.75,1.69,0.44,76.81
Mark Baguley,Essendon,22,8.91,6.23,15.14,6.09,0.0,0.0,2.55,0.0,0.55,0.0,4.55,10.86,12.95,85.54,2.18,0.59,0.0,0.41,0.09,0.32,2.86,3.68,0.09,190.36,3.14,2.14,5.23,0.0,86.5
Jade Gresham,St Kilda,22,8.91,5.41,14.32,3.36,1.36,1.36,2.5,0.0,3.32,0.82,6.14,8.41,9.64,67.32,2.14,0.27,0.91,1.45,0.32,1.14,0.5,0.73,1.0,241.23,5.86,2.73,1.64,0.82,79.09
Jordan Murdoch,Geelong,22,8.91,7.95,16.86,3.41,0.59,0.59,4.32,0.0,2.5,0.45,6.05,11.27,11.91,70.64,2.77,0.41,0.32,1.05,0.23,0.82,1.27,0.82,0.05,257.27,4.77,3.27,3.05,1.0,78.0
Alex Fasolo,Collingwood,19,8.89,4.58,13.47,5.53,1.53,1.53,2.0,0.0,2.16,0.74,5.0,8.74,9.32,69.19,2.16,0.84,2.05,0.26,0.05,0.21,0.32,0.74,0.32,190.95,6.05,2.58,0.95,1.11,84.21
Thomas Jonas,Port Adelaide,21,8.86,4.76,13.62,5.29,0.0,0.0,2.57,0.0,1.33,0.1,4.33,9.1,11.14,81.79,1.62,0.52,0.0,0.14,0.0,0.14,2.62,8.0,0.0,200.52,2.24,2.62,6.0,0.0,94.67
David Astbury,Richmond,25,8.84,6.16,15.0,6.36,0.0,0.0,1.44,0.0,0.72,0.04,5.28,9.64,12.4,82.67,2.16,1.28,0.0,0.08,0.04,0.04,2.88,4.56,0.04,210.0,2.16,2.48,6.88,0.0,95.28
Steve Johnson,GWS,18,8.83,6.39,15.22,4.39,1.17,0.89,2.78,0.0,2.83,0.67,5.39,10.22,9.78,64.26,3.39,0.17,1.17,1.0,0.11,0.89,0.33,0.89,0.11,200.22,6.22,2.78,1.33,1.17,78.33
Adam Saad,Gold Coast,22,8.82,7.77,16.59,3.55,0.09,0.32,2.27,0.0,2.32,0.41,4.55,12.0,13.68,82.46,1.95,0.36,0.09,0.41,0.14,0.27,3.0,3.41,4.23,327.36,3.68,2.73,4.45,0.05,80.64
Simon White,Carlton,11,8.82,4.09,12.91,5.09,0.0,0.0,1.91,0.0,1.09,0.18,3.55,9.09,9.45,73.2,2.45,0.27,0.0,0.27,0.09,0.18,1.91,3.36,0.0,174.82,1.55,3.27,4.45,0.0,78.64
Wayne Milera,Adelaide,16,8.81,6.75,15.56,3.31,0.5,0.19,2.25,0.0,2.06,0.5,3.88,12.06,12.19,78.34,1.5,0.06,0.44,1.25,0.12,1.12,1.25,0.5,0.56,245.88,4.44,2.19,1.25,0.31,76.94
Nathan Hrovat,North Melbourne,22,8.77,8.68,17.45,3.91,0.64,0.36,2.64,0.0,2.36,0.18,6.05,11.41,12.59,72.15,1.73,0.09,0.64,1.5,0.45,1.05,0.73,0.32,0.5,192.91,5.05,2.55,1.91,0.86,76.55
Jarryd Roughead,Hawthorn,22,8.77,9.05,17.82,4.95,1.73,0.95,3.41,1.23,2.23,0.59,7.82,10.59,12.68,71.16,2.27,1.0,2.09,1.5,0.45,1.05,0.45,1.91,0.05,218.23,6.86,2.64,1.86,1.05,89.59
Eddie Betts,Adelaide,24,8.75,4.5,13.25,3.25,2.29,1.42,3.33,0.0,2.21,1.21,7.04,6.17,8.5,64.15,2.54,0.58,2.04,1.29,0.25,1.04,0.08,1.21,0.12,191.33,7.38,2.71,1.25,1.88,88.21
Joshua Kennedy,West Coast,19,8.74,3.11,11.84,5.84,3.63,2.05,1.42,0.26,1.42,0.53,5.89,5.84,7.84,66.22,1.68,1.79,3.79,0.0,0.0,0.0,0.0,1.47,0.0,254.0,8.11,2.16,0.79,0.89,91.79
Ethan Hughes,Fremantle,18,8.72,7.22,15.94,5.17,0.06,0.0,1.72,0.0,1.78,0.0,4.83,10.83,12.33,77.35,2.11,0.39,0.0,0.28,0.06,0.22,2.56,2.83,0.28,210.72,1.94,2.72,5.22,0.0,83.94
Jamie Cripps,West Coast,21,8.71,4.86,13.57,4.29,1.24,0.86,3.76,0.0,2.71,0.43,4.33,9.43,8.76,64.55,2.48,0.33,0.9,0.95,0.1,0.86,0.33,0.71,0.57,231.9,4.76,2.67,0.86,2.1,79.1
Jonathon Patton,GWS,22,8.68,4.55,13.23,6.45,2.05,1.05,1.64,1.27,2.0,0.32,5.91,7.23,9.68,73.17,1.59,2.0,2.27,0.14,0.0,0.14,0.45,1.27,0.18,181.68,5.55,2.27,1.64,0.68,88.77
Taylor Duryea,Hawthorn,15,8.67,5.73,14.4,5.0,0.4,0.6,2.73,0.0,1.8,0.67,3.53,10.87,11.6,80.56,1.47,0.27,0.8,0.2,0.07,0.13,1.33,1.93,0.13,202.4,4.6,2.2,2.8,0.33,82.4
Stefan Martin,Brisbane,22,8.64,8.77,17.41,4.0,0.05,0.14,2.59,35.0,2.82,0.55,8.95,7.73,11.73,67.38,3.14,0.5,0.14,5.14,2.5,2.64,0.86,2.0,0.0,163.05,6.05,3.27,2.64,0.27,88.32
Tom Barrass,West Coast,19,8.63,4.79,13.42,6.37,0.0,0.05,1.11,0.0,0.68,0.05,4.79,8.42,11.42,85.1,1.16,1.47,0.0,0.11,0.0,0.11,3.42,6.53,0.0,183.63,1.53,2.05,7.05,0.0,86.11
Andrew McGrath,Essendon,21,8.62,11.14,19.76,3.95,0.05,0.05,2.81,0.0,1.14,0.14,5.19,14.19,16.0,80.97,1.48,0.19,0.05,0.76,0.24,0.52,2.24,1.81,0.52,192.76,3.29,2.9,4.71,0.05,80.52
James Aish,Collingwood,8,8.62,7.0,15.62,3.62,0.12,0.25,3.0,0.0,1.62,0.25,5.38,10.12,11.25,72.02,2.12,0.12,0.38,1.62,0.5,1.12,0.88,0.62,0.0,165.75,2.75,3.0,3.25,0.12,72.88
David Myers,Essendon,15,8.6,9.8,18.4,2.73,0.2,0.4,2.6,0.0,3.0,0.2,7.47,11.13,12.67,68.86,2.4,0.13,0.2,3.2,1.53,1.67,0.8,1.0,0.13,254.73,4.13,3.93,2.33,0.33,70.27
Marcus Adams,Western Bulldogs,10,8.6,6.8,15.4,6.5,0.4,0.7,3.0,0.0,1.5,0.2,5.5,9.8,11.5,74.68,1.6,1.2,0.8,0.0,0.0,0.0,2.7,5.5,0.0,292.9,3.9,2.9,6.4,0.4,88.5
Nicholas Robertson,Brisbane,21,8.57,7.48,16.05,4.38,0.05,0.1,3.19,0.0,1.76,0.14,4.52,11.48,12.71,79.19,3.14,0.24,0.0,0.43,0.14,0.29,2.33,2.24,0.1,191.81,2.67,2.95,4.19,0.19,85.95
Matthew White,Port Adelaide,7,8.57,4.71,13.29,3.14,0.29,0.57,2.86,0.0,2.71,0.29,4.57,9.43,9.57,72.01,2.29,0.14,0.57,1.0,0.29,0.71,1.14,1.43,0.29,266.86,4.14,2.57,2.14,0.86,73.43
Taylor Garner,North Melbourne,18,8.5,7.39,15.89,4.44,0.89,0.44,3.39,0.0,2.39,0.28,6.0,10.11,10.83,68.16,2.44,1.06,1.06,0.83,0.11,0.72,0.67,1.22,0.5,162.78,4.67,2.78,2.17,1.17,82.11
Tom Clurey,Port Adelaide,23,8.48,3.3,11.78,5.13,0.0,0.0,1.13,0.0,0.39,0.04,3.39,8.43,9.74,82.68,1.48,0.74,0.0,0.09,0.04,0.04,2.83,5.26,0.3,170.91,1.65,1.48,4.22,0.0,92.39
Lachlan Plowman,Carlton,21,8.48,5.86,14.33,5.29,0.0,0.05,2.0,0.0,0.62,0.0,5.29,9.38,12.19,85.07,1.48,0.57,0.0,0.52,0.24,0.29,1.81,4.48,0.0,158.43,2.1,1.57,5.33,0.05,90.67
Matthew Priddis,West Coast,21,8.48,16.24,24.71,2.29,0.29,0.29,7.76,0.0,3.33,0.43,12.76,12.52,17.14,69.36,3.1,0.1,0.33,5.57,2.19,3.38,0.95,0.9,0.0,245.95,4.71,4.48,1.71,0.9,80.43
Daniel Menzel,Geelong,19,8.47,3.58,12.05,4.32,2.11,0.84,1.37,0.0,2.11,0.89,4.79,7.47,8.68,72.03,1.37,0.95,1.58,0.26,0.0,0.26,0.21,0.89,0.0,212.47,5.89,1.95,0.84,0.79,87.89
Dean Towers,Sydney,19,8.47,6.21,14.68,3.37,0.42,0.53,3.47,0.58,3.11,0.47,6.53,8.53,9.95,67.78,2.32,0.32,0.37,1.16,0.37,0.79,1.05,1.16,0.0,224.0,4.53,3.47,2.47,1.0,78.37
Ryan Clarke,North Melbourne,15,8.47,11.33,19.8,3.73,0.4,0.27,2.07,0.0,1.73,0.33,4.87,14.53,14.73,74.39,1.67,0.07,0.07,1.2,0.53,0.67,1.47,1.07,0.07,241.07,4.33,2.87,2.67,0.47,76.87
Hugh McCluggage,Brisbane,18,8.44,6.67,15.11,3.89,0.44,0.83,2.0,0.0,1.94,0.39,4.11,10.94,9.83,65.06,2.5,0.17,0.39,0.83,0.22,0.61,1.0,0.67,0.22,243.5,4.78,3.22,1.33,0.33,78.39
Sam Butler,West Coast,9,8.44,6.11,14.56,4.0,0.0,0.0,1.33,0.0,0.56,0.0,3.33,10.89,12.33,84.68,1.11,0.22,0.0,0.44,0.0,0.44,2.44,3.22,0.11,166.22,2.56,2.0,3.67,0.11,78.89
Blake Hardwick,Hawthorn,19,8.42,6.0,14.42,4.68,0.0,0.05,2.79,0.0,1.58,0.26,4.05,10.47,12.26,85.02,1.32,0.37,0.0,0.26,0.0,0.26,1.58,3.21,0.0,169.0,2.95,2.63,4.0,0.0,78.47
Shaun Atley,North Melbourne,22,8.41,9.09,17.5,3.45,0.5,0.5,2.59,0.0,3.73,0.82,4.05,13.73,13.82,78.97,1.82,0.09,0.36,0.32,0.05,0.27,1.41,0.73,1.23,332.23,5.09,3.09,2.32,0.32,83.91
Sam Petrevski-Seton,Carlton,20,8.4,5.6,14.0,3.25,0.5,0.35,4.75,0.0,1.65,0.3,6.95,7.5,9.7,69.29,2.0,0.1,0.4,2.1,0.7,1.4,0.9,0.7,0.2,147.65,3.65,2.4,1.9,0.8,73.45
Daniel Howe,Hawthorn,18,8.39,8.28,16.67,4.0,0.28,0.11,5.33,0.0,1.39,0.17,6.72,10.56,12.89,77.32,2.06,0.28,0.17,2.72,1.17,1.56,1.28,2.33,0.0,177.0,3.78,2.44,3.17,0.33,81.22
Jack Viney,Melbourne,18,8.39,14.67,23.06,2.44,0.33,0.28,7.0,0.0,2.72,0.11,11.78,11.67,15.72,68.17,2.61,0.06,0.28,5.44,2.61,2.83,1.06,1.33,0.06,259.89,3.83,4.11,2.06,0.89,77.67
Luke Breust,Hawthorn,21,8.38,5.95,14.33,3.29,1.57,0.81,4.05,0.0,2.52,0.71,6.67,8.1,9.95,69.43,2.38,0.52,1.29,1.19,0.29,0.9,0.52,0.76,0.05,216.29,5.95,2.48,1.62,0.95,80.1
Andrew Swallow,North Melbourne,16,8.38,11.19,19.56,2.06,0.25,0.19,6.62,0.0,2.62,0.44,10.19,9.81,14.31,73.16,2.88,0.25,0.44,5.0,2.38,2.62,1.31,1.06,0.06,229.31,4.94,3.25,2.06,0.75,70.94
Easton Wood,Western Bulldogs,18,8.33,5.78,14.11,5.33,0.17,0.22,1.61,0.0,1.28,0.06,5.33,8.44,11.22,79.52,2.0,1.11,0.22,0.17,0.0,0.17,2.22,4.44,0.61,201.72,2.83,2.28,5.89,0.0,82.22
Brodie Grundy,Collingwood,20,8.3,10.1,18.4,3.65,0.2,0.25,3.9,35.7,2.1,0.25,9.85,8.6,12.2,66.3,3.7,0.85,0.15,4.05,0.65,3.4,1.35,2.25,0.15,185.5,5.7,3.15,2.7,0.55,85.6
Jackson Thurlow,Geelong,10,8.3,6.0,14.3,4.0,0.2,0.1,1.7,0.0,2.0,0.4,4.4,9.5,11.3,79.02,2.1,0.1,0.1,1.4,0.1,1.3,2.0,1.7,0.2,230.0,3.4,2.7,2.1,0.0,76.8
George Hewett,Sydney,24,8.29,10.42,18.71,3.58,0.38,0.25,4.83,0.0,2.29,0.29,9.42,9.62,13.29,71.03,2.92,0.21,0.62,3.25,1.33,1.92,0.54,0.54,0.04,162.12,4.54,3.5,2.17,0.92,76.38
Sam Powell-Pepper,Port Adelaide,22,8.27,8.77,17.05,2.59,0.73,0.64,5.18,0.0,3.0,0.23,8.36,8.82,11.27,66.1,4.27,0.27,0.45,2.86,1.27,1.59,1.0,0.86,0.27,236.27,4.14,3.41,2.64,0.82,67.59
Drew Petrie,West Coast,16,8.25,3.81,12.06,4.75,1.0,0.19,3.31,12.19,1.75,0.25,7.0,6.0,8.31,68.91,2.44,1.31,1.0,1.75,0.69,1.06,0.81,4.06,0.0,196.12,3.75,2.62,1.94,0.81,81.94
Christian Petracca,Melbourne,22,8.23,10.59,18.82,3.27,1.18,0.27,2.45,0.0,3.23,0.86,10.73,8.55,12.91,68.6,2.91,0.82,1.0,2.64,0.95,1.64,0.5,0.95,0.05,241.23,5.68,3.45,2.36,0.73,80.55
Travis Cloke,Western Bulldogs,10,8.2,3.9,12.1,4.1,1.1,0.9,2.2,3.1,3.2,1.0,5.7,7.0,8.1,66.94,1.4,0.9,0.9,0.6,0.2,0.4,0.1,1.0,0.0,236.1,5.2,2.0,1.2,1.0,78.6
Ben Brown,North Melbourne,22,8.18,3.45,11.64,5.45,2.86,1.36,1.23,1.59,2.0,0.55,6.18,5.86,7.32,62.89,2.05,1.95,3.09,0.45,0.05,0.41,0.14,1.86,0.0,177.0,6.41,2.41,0.68,0.55,91.32
Rhys Mathieson,Brisbane,13,8.15,10.0,18.15,3.38,0.62,0.08,3.62,0.08,2.69,0.54,9.08,9.69,13.62,75.04,3.0,0.08,0.31,3.54,1.08,2.46,1.69,0.69,0.0,198.54,4.69,3.31,2.62,0.62,73.69
Jarryn Geary,St Kilda,22,8.14,7.95,16.09,3.5,0.05,0.0,2.55,0.0,0.77,0.05,5.73,10.27,12.5,77.69,1.91,0.59,0.09,0.64,0.18,0.41,2.5,2.82,0.5,194.73,2.18,2.55,5.55,0.14,83.05
Jeff Garlett,Melbourne,21,8.14,3.1,11.24,2.67,2.0,1.33,3.52,0.0,2.43,0.76,3.95,7.14,6.67,59.34,1.57,0.33,1.33,0.38,0.14,0.24,0.33,0.81,0.9,188.48,5.52,2.0,1.19,2.1,86.24
James Harmes,Melbourne,17,8.12,9.18,17.29,2.94,0.82,0.71,3.35,0.0,2.82,0.35,6.76,11.24,12.35,71.43,2.0,0.24,0.82,1.41,0.35,1.06,0.65,1.82,0.76,258.29,4.76,2.47,2.65,0.88,77.29
Matthew Taberner,Fremantle,8,8.12,3.38,11.5,5.38,1.38,0.75,2.5,3.75,1.75,0.25,6.0,5.38,7.88,68.52,4.12,2.75,2.0,0.38,0.25,0.12,0.25,1.75,0.0,177.62,4.5,3.38,1.0,1.25,88.5
Darcy Tucker,Fremantle,19,8.11,7.11,15.21,3.95,0.42,0.21,2.37,0.0,2.11,0.47,3.63,11.47,11.37,74.75,1.79,0.11,0.21,0.74,0.11,0.63,1.37,0.58,0.21,235.58,3.05,2.95,1.74,0.47,68.58
Mitch McGovern,Adelaide,13,8.08,3.23,11.31,5.08,1.54,1.31,2.62,0.0,2.15,1.0,4.38,7.0,7.62,67.37,1.38,1.31,2.31,0.0,0.0,0.0,0.23,1.54,0.0,190.62,6.62,1.92,1.23,0.92,83.15
Jack Watts,Melbourne,16,8.06,7.62,15.69,4.81,1.38,0.56,2.62,3.31,2.19,0.56,5.31,10.44,11.94,76.1,1.56,0.69,1.31,0.69,0.19,0.5,0.38,1.12,0.19,190.19,5.56,1.75,1.25,1.06,80.31
Clayton Oliver,Melbourne,22,8.05,21.91,29.95,3.09,0.18,0.14,6.91,0.05,2.95,0.64,15.64,14.73,23.09,77.1,3.45,0.18,0.09,6.64,2.5,4.14,1.55,0.86,0.0,194.0,5.55,3.73,3.55,0.86,77.09
Orazio Fantasia,Essendon,20,8.05,5.7,13.75,3.7,1.95,1.1,2.65,0.0,2.75,0.9,5.05,8.45,9.7,70.55,2.1,0.35,1.45,0.6,0.3,0.3,0.65,0.5,0.65,260.35,6.6,2.05,1.45,0.9,76.25
Jack Darling,West Coast,23,8.0,4.04,12.04,5.17,1.87,1.09,2.91,0.39,2.48,0.78,6.13,6.43,7.39,61.38,2.83,1.52,2.35,0.22,0.09,0.13,0.17,2.17,0.0,205.3,5.96,3.09,1.13,1.61,89.74
Scott Thompson,North Melbourne,21,8.0,7.33,15.33,5.14,0.05,0.05,2.48,0.0,1.1,0.1,5.9,9.29,13.0,84.8,2.48,1.1,0.05,0.19,0.05,0.14,3.38,5.05,0.24,225.52,2.43,2.95,7.9,0.05,92.71
Jackson Nelson,West Coast,13,8.0,4.77,12.77,3.38,0.0,0.15,1.69,0.0,1.08,0.08,3.08,9.77,9.46,74.08,1.92,0.31,0.0,0.54,0.15,0.38,2.69,1.15,0.85,199.69,2.23,2.77,2.92,0.0,74.77
Harrison Marsh,Sydney,9,8.0,7.11,15.11,3.89,0.0,0.22,1.11,0.0,1.78,0.11,4.33,10.78,11.56,76.51,1.67,0.44,0.11,0.0,0.0,0.0,2.56,2.0,0.44,261.56,2.44,3.44,5.33,0.11,85.33
Rohan Bewick,Brisbane,8,8.0,6.62,14.62,4.38,0.75,0.62,2.25,0.0,0.38,0.38,4.5,10.38,9.5,64.98,2.62,0.25,0.75,0.5,0.0,0.5,1.75,0.88,0.12,203.5,3.5,3.62,2.62,0.62,82.38
Cyril Rioli,Hawthorn,7,8.0,4.43,12.43,3.0,0.71,1.0,3.14,0.29,2.86,0.29,4.71,7.71,8.43,67.82,1.14,0.14,0.71,1.0,0.14,0.86,0.0,1.43,0.29,192.71,5.14,2.14,2.0,0.71,74.86
Sam Frost,Melbourne,16,7.94,5.56,13.5,3.81,0.06,0.0,2.5,0.19,1.0,0.06,5.38,8.44,10.44,77.33,2.88,0.44,0.0,0.25,0.0,0.25,3.69,6.0,0.31,250.25,2.31,3.69,6.5,0.0,91.12
Cameron Pedersen,Melbourne,15,7.93,8.27,16.2,4.87,1.07,0.53,3.53,9.8,3.0,0.53,7.07,9.67,12.47,76.98,1.87,0.93,1.27,1.47,0.67,0.8,0.73,2.33,0.13,252.8,5.53,2.47,2.07,1.13,85.33
Sam Jacobs,Adelaide,25,7.92,6.48,14.4,3.72,0.36,0.28,2.76,39.84,2.36,0.28,6.72,8.12,9.96,69.17,2.56,1.44,0.44,2.96,1.2,1.76,1.32,2.24,0.08,186.0,5.6,2.72,2.28,0.36,84.68
Liam Jones,Carlton,12,7.92,3.33,11.25,4.67,0.0,0.0,2.83,0.0,0.83,0.0,5.58,5.67,8.58,76.27,2.33,1.42,0.0,0.0,0.0,0.0,3.08,11.0,0.0,155.83,1.42,2.5,7.5,0.0,96.25
Jarman Impey,Port Adelaide,20,7.9,4.0,11.9,3.0,0.75,0.7,3.1,0.0,3.05,0.6,4.65,7.85,8.0,67.23,1.95,0.4,0.7,0.45,0.05,0.4,0.55,1.05,1.85,229.25,4.3,3.2,1.75,1.2,72.2
Mason Wood,North Melbourne,10,7.9,5.8,13.7,4.2,1.4,1.1,2.5,0.0,2.6,0.3,4.9,8.8,8.6,62.77,2.9,0.7,1.6,0.0,0.0,0.0,0.1,0.8,0.1,240.7,5.5,3.0,0.9,1.5,83.9
Cameron McCarthy,Fremantle,19,7.89,3.42,11.32,3.42,1.32,1.0,2.37,0.0,3.11,0.42,4.21,6.95,6.79,59.98,2.58,0.37,1.21,0.32,0.05,0.26,0.16,0.74,0.11,207.37,4.74,3.37,1.42,1.05,90.16
David Cuningham,Carlton,8,7.88,5.0,12.88,3.38,0.75,0.12,4.25,0.0,2.75,0.38,5.75,8.0,8.38,65.06,2.12,0.0,0.62,1.25,0.38,0.88,0.88,0.0,0.12,227.38,3.62,3.25,1.75,0.88,71.12
Zaine Cordy,Western Bulldogs,19,7.84,4.84,12.68,4.32,0.0,0.0,2.58,0.16,1.05,0.11,4.37,8.32,10.74,84.7,1.16,0.37,0.0,0.16,0.0,0.16,1.63,5.74,0.16,178.58,2.47,1.84,5.26,0.05,92.68
Bradley Sheppard,West Coast,24,7.83,7.04,14.88,4.12,0.04,0.0,2.96,0.0,1.38,0.33,3.88,10.83,12.04,80.91,1.83,0.21,0.0,0.58,0.08,0.5,2.21,3.21,0.12,217.38,2.38,3.0,4.04,0.04,85.75
Kyle Langford,Essendon,6,7.83,5.83,13.67,4.33,0.67,0.67,3.17,0.0,2.17,0.0,5.0,8.83,8.67,63.42,2.17,0.33,1.5,1.17,0.5,0.67,0.33,1.5,0.0,202.67,3.83,3.17,1.67,0.83,78.67
Hayden Crozier,Fremantle,19,7.79,4.84,12.63,4.53,0.68,0.89,3.89,0.0,2.05,0.32,5.21,7.74,8.58,67.93,1.89,0.84,0.63,0.58,0.21,0.37,0.68,1.21,0.05,197.11,3.79,3.05,1.42,1.11,80.63
Anthony McDonald-Tipungwuti,Essendon,23,7.78,5.26,13.04,3.39,1.48,0.74,3.65,0.0,2.7,0.65,6.39,6.91,9.22,70.71,2.17,0.48,0.96,1.61,0.65,0.96,0.35,0.87,0.57,211.17,5.52,2.3,1.7,1.61,75.65
Claye Beams,Brisbane,9,7.78,6.22,14.0,4.67,0.44,0.22,1.56,0.0,2.0,0.56,3.89,9.44,10.44,74.57,1.44,0.56,0.67,1.11,0.56,0.56,1.56,0.56,0.33,161.33,4.11,2.0,2.78,0.22,64.56
Lachlan Hansen,North Melbourne,13,7.77,5.77,13.54,6.69,0.38,0.15,1.69,0.0,1.23,0.08,3.54,9.69,11.54,85.23,1.69,1.0,0.46,0.08,0.0,0.08,1.62,3.92,0.08,169.38,1.92,1.92,3.92,0.15,89.77
Jack Hombsch,Port Adelaide,13,7.77,3.23,11.0,4.31,0.08,0.08,2.08,0.0,1.54,0.08,4.38,6.69,8.38,76.18,1.92,0.77,0.0,0.0,0.0,0.0,2.31,5.69,0.0,203.15,1.85,2.31,5.54,0.0,88.54
Toby Nankervis,Richmond,24,7.75,7.04,14.79,3.08,0.46,0.29,4.04,24.71,2.46,0.21,7.92,6.33,8.5,57.47,3.33,1.0,0.38,2.83,1.08,1.75,1.38,3.46,0.0,162.92,3.92,2.62,3.33,0.46,83.12
Cale Hooker,Essendon,20,7.75,5.75,13.5,6.95,2.05,1.3,1.65,0.45,1.55,0.5,6.6,7.15,9.5,70.37,2.35,2.55,2.45,0.35,0.0,0.35,0.3,2.0,0.1,178.85,6.55,2.75,1.45,0.65,87.2
Tim O'Brien,Hawthorn,16,7.75,3.0,10.75,4.38,1.19,0.38,2.38,3.81,1.31,0.31,4.06,6.56,8.06,74.98,1.06,1.38,0.94,0.31,0.12,0.19,0.56,1.75,0.0,156.94,3.94,1.75,1.56,0.56,74.31
Jake Stringer,Western Bulldogs,16,7.75,4.62,12.38,3.0,1.5,1.62,1.81,0.0,2.81,0.56,5.94,6.88,7.88,63.65,2.25,0.56,1.44,1.62,0.56,1.06,0.31,1.44,0.25,234.25,5.94,2.19,1.56,0.5,71.5
Harris Andrews,Brisbane,22,7.73,5.27,13.0,6.27,0.09,0.0,1.0,0.05,0.27,0.05,4.77,8.59,10.82,83.23,2.27,1.5,0.05,0.18,0.05,0.14,2.27,7.82,0.14,167.95,2.09,2.14,5.68,0.05,95.27
Patrick Ryder,Port Adelaide,22,7.73,4.91,12.64,3.23,0.5,0.36,2.86,37.77,3.09,0.41,9.45,3.68,8.05,63.69,3.18,1.64,0.68,4.14,2.05,2.14,0.64,3.64,0.0,199.09,6.09,2.36,1.95,0.55,86.68
Tom Williamson,Carlton,15,7.73,4.4,12.13,3.4,0.07,0.2,2.33,0.0,1.53,0.07,3.2,8.73,8.8,72.55,1.33,0.13,0.07,0.33,0.0,0.33,2.33,1.8,0.53,188.2,2.13,2.2,2.93,0.13,74.53
Maverick Weller,St Kilda,18,7.72,8.78,16.5,4.06,0.61,1.0,3.44,0.0,3.06,0.28,6.0,10.67,11.5,69.7,2.67,0.39,0.94,1.22,0.39,0.83,0.83,1.11,0.06,223.11,5.39,3.0,1.78,1.44,79.89
Shane Edwards,Richmond,20,7.7,9.95,17.65,2.75,0.55,0.8,2.9,0.0,2.95,1.05,8.2,9.4,12.4,70.25,2.15,0.2,0.9,2.65,0.55,2.1,1.3,1.7,0.45,267.95,6.75,2.75,2.7,0.65,76.4
Sam Gilbert,St Kilda,18,7.67,7.56,15.22,3.33,0.0,0.22,3.61,0.83,1.83,0.17,6.39,9.06,11.22,73.72,2.89,0.33,0.11,0.94,0.33,0.61,2.11,3.11,0.06,207.67,2.67,3.11,5.44,0.17,75.44
Josh Thomas,Collingwood,9,7.67,8.78,16.44,3.22,0.67,0.56,2.78,0.0,3.0,0.78,6.22,10.56,11.78,71.65,2.78,0.0,0.44,1.89,0.78,1.11,0.67,0.67,0.33,215.11,5.78,2.56,1.33,0.67,80.56
Scott Selwood,Geelong,14,7.64,11.71,19.36,3.21,0.21,0.21,10.71,0.0,2.79,0.21,7.79,12.0,14.21,73.4,2.71,0.07,0.14,3.57,1.29,2.29,0.86,0.93,0.0,170.36,3.93,3.0,1.93,1.36,75.43
Jack Steele,St Kilda,20,7.6,14.45,22.05,3.25,0.3,0.4,7.9,0.0,2.2,0.25,10.5,12.15,16.6,75.28,3.0,0.45,0.35,3.85,1.15,2.7,1.2,1.45,0.0,187.4,4.5,3.4,3.0,1.5,75.6
Hugh Greenwood,Adelaide,15,7.6,8.27,15.87,2.47,0.6,0.27,6.6,0.0,1.6,0.2,9.87,5.67,11.13,70.13,2.33,0.4,0.47,4.53,1.6,2.93,0.4,1.47,0.0,138.07,4.8,2.8,2.93,1.2,64.53
Jake Kelly,Adelaide,24,7.58,7.25,14.83,4.33,0.0,0.0,2.75,0.0,0.67,0.08,4.54,10.12,12.46,84.02,1.67,0.21,0.0,0.33,0.0,0.33,1.17,2.42,0.0,143.42,2.25,1.75,5.0,0.0,84.33
Thomas Sheridan,Fremantle,9,7.56,6.11,13.67,2.67,0.22,0.11,1.78,0.0,1.33,0.56,3.67,9.56,9.44,69.06,1.33,0.0,0.0,0.44,0.22,0.22,1.33,1.67,0.0,155.22,2.33,2.78,2.67,0.11,75.89
Lindsay Thomas,North Melbourne,9,7.56,4.67,12.22,2.78,0.56,0.78,3.56,0.0,2.44,0.78,5.11,7.22,8.33,68.17,2.44,0.44,0.78,0.78,0.22,0.56,0.56,1.33,0.11,189.78,4.56,2.56,2.22,0.78,76.78
Sam Reid,Sydney,22,7.55,5.23,12.77,6.09,1.36,0.77,1.41,1.64,1.05,0.45,5.64,7.55,9.5,74.39,1.41,1.82,2.05,0.27,0.0,0.27,0.86,2.41,0.0,165.27,4.41,1.86,1.95,0.5,85.55
Harry Cunningham,Sydney,11,7.55,6.64,14.18,2.91,0.45,0.09,3.82,0.0,2.18,0.36,4.55,9.55,10.45,73.7,1.91,0.18,0.36,0.55,0.09,0.45,1.27,1.0,1.09,206.91,3.18,2.55,2.27,1.27,77.73
Tim Taranto,GWS,14,7.5,7.86,15.36,2.21,0.5,0.29,3.86,0.0,2.21,0.64,6.79,8.71,11.0,71.61,1.64,0.07,0.21,2.0,0.71,1.29,1.14,1.36,0.14,201.36,4.14,3.14,1.93,0.57,73.64
Josh Gibson,Hawthorn,12,7.5,8.0,15.5,4.42,0.0,0.0,1.17,0.0,1.0,0.08,3.67,11.75,12.67,81.74,2.17,0.25,0.0,0.08,0.0,0.08,2.33,7.67,0.0,90.08,2.67,2.5,4.08,0.0,93.42
Jack Lonie,St Kilda,12,7.5,5.75,13.25,2.5,0.5,1.17,4.0,0.0,2.17,0.58,6.5,7.33,8.83,66.64,2.75,0.08,0.67,1.25,0.33,0.92,0.42,1.08,0.17,203.83,5.83,3.83,1.92,2.08,76.5
Nicholas Suban,Fremantle,12,7.5,6.58,14.08,3.0,0.33,0.0,5.42,0.0,1.75,0.58,5.83,8.42,10.17,72.23,3.08,0.0,0.33,1.83,0.67,1.17,1.25,0.92,0.17,213.08,3.0,2.92,2.42,0.5,80.5
Darcy Lang,Geelong,10,7.5,8.4,15.9,3.1,0.6,0.9,5.4,0.0,1.7,0.2,5.5,11.1,12.4,77.99,2.0,0.3,0.5,1.0,0.3,0.7,1.0,1.0,0.1,170.6,5.2,2.3,2.1,1.7,75.0
Brendan Whitecross,Hawthorn,8,7.5,6.0,13.5,5.0,0.25,0.38,2.5,0.0,1.62,0.12,3.75,10.12,10.88,80.59,1.12,0.25,0.25,0.88,0.25,0.62,1.25,1.38,0.0,174.0,4.0,1.88,1.5,0.12,73.75
Tom Bell,Brisbane,6,7.5,7.0,14.5,2.67,0.67,0.5,3.17,0.0,2.67,0.17,7.17,7.0,9.5,65.52,4.0,0.17,0.17,0.83,0.67,0.17,0.67,0.17,0.0,228.0,4.0,3.83,1.83,1.83,80.17
Conor Glass,Hawthorn,6,7.5,5.17,12.67,3.33,0.0,0.0,2.83,0.0,1.17,0.0,4.0,8.5,10.67,84.21,1.0,0.33,0.17,0.33,0.0,0.33,1.17,2.5,0.17,103.5,1.83,1.5,4.33,0.0,75.33
Jay Kennedy-Harris,Melbourne,6,7.5,8.5,16.0,3.0,0.0,0.17,3.83,0.0,2.67,0.5,5.67,10.5,10.17,63.56,3.17,0.0,0.17,0.67,0.17,0.5,0.67,0.67,0.67,198.5,2.67,3.5,1.0,0.5,75.67
Matthew Kennedy,GWS,16,7.44,9.75,17.19,3.25,0.25,0.25,4.56,0.0,2.0,0.19,7.62,9.88,11.69,68.0,2.56,0.38,0.38,2.62,0.5,2.12,1.31,0.94,0.12,180.12,3.31,3.06,2.0,0.56,70.62
Mark Blicavs,Geelong,20,7.4,8.8,16.2,4.1,0.6,0.25,5.1,6.05,1.85,0.1,7.25,9.25,12.15,75.0,2.55,1.1,0.5,2.05,0.75,1.3,1.35,2.9,0.05,187.35,4.15,2.5,2.65,0.75,78.95
Jake Kolodjashnij,Geelong,18,7.33,7.28,14.61,4.39,0.0,0.17,2.39,0.0,2.22,0.33,3.83,10.78,11.11,76.04,1.56,0.33,0.11,0.61,0.06,0.56,1.5,3.22,0.06,202.22,3.72,2.0,3.28,0.11,80.89
Jake Neade,Port Adelaide,7,7.29,7.86,15.14,2.57,0.86,0.14,4.29,0.0,2.71,0.86,5.71,9.57,10.43,68.89,2.43,0.14,0.43,0.57,0.29,0.29,0.57,1.0,0.14,174.14,5.29,3.0,2.0,2.0,68.86
Harry Taylor,Geelong,25,7.28,6.76,14.04,5.32,0.88,0.6,2.36,0.0,1.52,0.48,5.72,8.32,10.76,76.64,2.0,1.44,1.2,0.2,0.0,0.2,1.64,4.04,0.12,173.6,4.08,2.6,4.68,1.0,91.56
Andy Otten,Adelaide,19,7.26,6.05,13.32,4.26,1.05,0.42,2.32,1.53,1.79,0.58,5.32,8.11,10.21,76.65,2.05,1.05,1.11,0.63,0.26,0.37,0.74,3.63,0.05,181.63,5.0,2.16,2.89,0.53,83.32
Gary Rohan,Sydney,16,7.25,2.31,9.56,4.0,1.38,0.62,3.25,0.0,3.12,0.69,4.06,5.69,6.94,72.59,1.88,0.88,1.06,0.38,0.0,0.38,0.69,2.19,0.56,254.5,4.06,2.44,1.94,1.06,73.94
Sam Durdin,North Melbourne,8,7.25,4.0,11.25,4.0,0.12,0.5,1.75,0.0,1.5,0.25,3.38,7.5,8.5,75.56,2.5,0.5,0.25,0.25,0.12,0.12,2.12,4.88,0.12,165.12,2.0,1.88,3.75,0.25,85.5
Darcy Moore,Collingwood,21,7.24,3.24,10.48,5.95,1.19,0.9,1.9,3.05,2.43,0.38,5.33,5.9,7.33,69.94,2.38,1.81,1.86,0.52,0.38,0.14,0.33,2.1,0.0,174.86,5.19,2.71,1.0,1.0,79.52
Joshua Green,Essendon,17,7.24,3.71,10.94,2.18,1.0,1.24,3.06,0.0,1.88,0.53,5.47,5.53,6.94,63.44,1.94,0.24,0.76,0.65,0.24,0.41,0.47,0.41,0.0,176.12,5.0,2.47,1.24,1.76,75.35
Peter Wright,Gold Coast,22,7.23,5.32,12.55,5.5,1.41,0.86,1.59,5.14,2.18,0.36,5.45,7.64,9.32,74.26,1.64,1.27,1.91,0.73,0.32,0.41,0.36,2.55,0.0,167.91,4.68,1.86,1.23,0.64,88.0
Marley Williams,North Melbourne,13,7.23,10.23,17.46,2.38,0.23,0.0,2.08,0.0,1.15,0.23,5.69,11.77,13.85,79.32,2.08,0.0,0.0,0.85,0.08,0.77,3.92,4.15,0.23,261.69,3.38,2.77,4.54,0.08,86.23
Jackson Trengove,Port Adelaide,19,7.21,5.89,13.11,3.32,0.89,0.63,3.0,7.84,1.58,0.32,7.11,5.89,8.11,61.86,4.0,1.16,0.79,2.05,0.89,1.21,0.47,2.47,0.0,166.11,3.68,3.26,1.89,0.79,77.53
Jack Silvagni,Carlton,20,7.2,2.85,10.05,4.5,0.95,0.85,2.55,0.0,1.7,0.3,3.1,6.85,6.5,64.68,1.65,0.4,1.15,0.1,0.05,0.05,0.25,1.05,0.3,176.75,3.4,2.15,1.25,0.9,75.5
Ryan Schoenmakers,Hawthorn,11,7.18,4.09,11.27,4.45,1.0,0.73,1.27,0.36,2.09,0.55,4.73,6.45,8.0,70.98,1.64,1.18,1.0,0.36,0.0,0.36,0.27,2.18,0.09,219.36,4.64,2.09,1.64,0.45,77.73
Mitchell Wallis,Western Bulldogs,12,7.17,13.5,20.67,3.08,0.58,0.42,3.58,0.0,3.5,0.67,12.0,9.5,15.58,75.37,1.92,0.33,0.42,3.75,1.42,2.33,0.67,0.83,0.25,185.42,6.5,2.83,2.67,1.08,81.0
Mitch Honeychurch,Western Bulldogs,6,7.17,7.33,14.5,3.17,0.17,1.33,5.67,0.0,2.5,1.0,6.0,8.67,11.0,75.86,2.0,0.17,1.0,1.33,0.33,1.0,0.5,1.33,0.33,166.67,5.5,1.67,1.83,1.33,83.17
Callum Sinclair,Sydney,19,7.16,4.84,12.0,3.21,0.74,0.47,2.79,17.74,2.47,0.32,7.21,5.0,7.74,64.5,3.11,1.37,1.16,2.11,0.95,1.16,0.63,3.47,0.0,172.32,4.11,3.05,1.84,0.63,75.84
Josh Bruce,St Kilda,20,7.15,4.7,11.85,5.2,1.8,1.35,2.05,1.4,1.45,0.55,5.6,6.45,8.0,67.51,2.2,1.1,2.55,0.9,0.45,0.45,0.45,1.1,0.0,174.0,5.8,2.35,1.5,1.0,88.15
Timothy Broomhead,Collingwood,14,7.14,9.21,16.36,3.36,0.57,0.79,2.5,0.0,1.64,0.43,5.93,10.71,12.29,75.12,1.64,0.07,0.14,1.36,0.64,0.71,0.71,0.79,0.0,153.29,4.71,1.64,1.36,0.29,77.43
James Stewart,Essendon,16,7.12,5.12,12.25,4.31,1.38,1.0,2.12,0.31,2.69,0.69,5.44,7.5,8.44,68.9,1.94,0.75,1.19,0.38,0.12,0.25,0.06,0.75,0.25,187.38,5.62,2.12,0.88,1.0,86.12
Kyle Hartigan,Adelaide,18,7.11,4.72,11.83,4.33,0.0,0.0,1.67,0.0,1.0,0.0,4.67,7.17,9.0,76.08,2.89,0.72,0.0,0.11,0.0,0.11,2.61,6.67,0.06,182.33,2.0,2.83,5.72,0.0,88.11
Hayden Ballantyne,Fremantle,10,7.1,3.3,10.4,3.2,1.1,0.7,3.4,0.0,2.8,0.6,3.1,7.4,6.8,65.38,2.0,0.0,0.7,0.8,0.4,0.4,0.1,0.9,0.1,201.8,4.4,2.6,0.9,1.3,76.3
Darcy Gardiner,Brisbane,19,7.05,5.79,12.84,4.68,0.05,0.05,2.32,0.0,0.79,0.11,3.89,9.05,10.21,79.52,2.32,0.32,0.11,0.21,0.11,0.11,2.47,6.05,0.11,160.53,2.26,1.63,4.74,0.0,79.21
Cameron Guthrie,Geelong,20,7.0,11.2,18.2,2.75,0.2,0.25,4.25,0.0,1.7,0.4,7.0,11.1,13.85,76.1,2.55,0.2,0.35,2.0,0.7,1.3,1.25,1.2,0.6,173.35,4.5,1.85,2.5,0.5,75.4
Jesse Joyce,Gold Coast,17,7.0,7.59,14.59,4.18,0.06,0.06,2.06,0.0,0.76,0.0,5.29,9.76,12.06,82.66,1.41,0.35,0.0,0.53,0.24,0.29,1.59,2.47,0.18,141.41,3.24,1.94,5.0,0.24,82.53
Koby Stevens,St Kilda,15,7.0,14.73,21.73,4.87,0.4,0.27,5.2,0.0,2.33,0.4,7.67,14.6,17.47,80.4,3.0,0.2,0.4,3.07,1.47,1.6,0.93,0.73,0.07,152.73,5.2,3.27,1.93,0.8,69.93
Tomas Bugg,Melbourne,10,7.0,6.9,13.9,2.9,0.7,1.2,3.1,0.0,1.7,0.8,6.2,8.4,9.3,66.91,2.2,0.5,1.3,1.0,0.1,0.9,0.4,1.9,0.1,152.6,5.0,1.8,1.7,1.0,78.3
Ben Keays,Brisbane,10,7.0,8.1,15.1,3.0,0.6,0.3,4.1,0.0,2.0,0.4,6.5,8.8,11.3,74.83,2.6,0.1,0.6,1.2,0.5,0.7,0.7,0.9,0.0,148.1,4.1,3.5,2.5,0.6,79.3
Curtly Hampton,Adelaide,9,7.0,7.33,14.33,2.22,0.22,0.22,5.67,0.0,3.0,0.44,7.22,7.11,9.44,65.88,2.56,0.11,0.44,2.11,1.11,1.0,0.33,1.0,0.33,190.33,4.11,2.78,1.11,1.0,71.0
Joshua Wagner,Melbourne,9,7.0,8.89,15.89,2.33,0.22,0.11,2.78,0.0,1.11,0.22,5.67,10.33,11.78,74.13,2.0,0.33,0.11,0.78,0.22,0.56,0.89,2.22,0.22,144.44,2.78,2.67,3.78,0.56,76.11
Harry Perryman,GWS,8,7.0,4.75,11.75,4.25,0.12,0.0,3.25,0.0,1.12,0.0,4.38,7.5,8.5,72.34,2.25,0.5,0.12,0.88,0.12,0.75,1.62,1.88,0.12,137.38,2.38,2.5,3.75,0.38,69.25
Brett Deledio,GWS,7,7.0,7.0,14.0,4.14,0.71,0.29,3.43,0.0,1.71,0.43,5.57,8.57,10.57,75.5,1.71,0.29,0.43,1.29,0.14,1.14,0.57,1.0,0.14,144.0,3.71,2.14,2.71,0.71,73.29
Daniel Butler,Richmond,23,6.91,4.43,11.35,1.78,1.3,0.65,3.61,0.0,2.7,0.78,4.48,6.7,7.65,67.4,2.0,0.09,0.78,0.48,0.09,0.39,0.26,0.22,0.65,189.43,4.61,2.3,1.61,1.39,81.17
Aidan Corr,GWS,23,6.91,4.17,11.09,3.91,0.0,0.0,1.78,0.0,0.48,0.09,3.52,7.39,9.3,83.86,1.39,0.35,0.09,0.22,0.04,0.17,2.52,6.74,0.04,157.0,2.13,1.65,3.96,0.0,83.7
Jack Bowes,Gold Coast,11,6.91,5.55,12.45,2.91,0.18,0.18,2.27,0.0,1.45,0.09,4.55,7.91,9.0,72.29,1.82,0.0,0.0,0.18,0.18,0.0,1.45,1.64,0.09,152.45,2.55,2.27,3.36,0.55,72.18
Mitchell Hannan,Melbourne,20,6.9,5.5,12.4,2.45,1.1,0.5,3.0,0.0,2.6,0.55,5.85,6.7,7.95,64.11,2.8,0.65,0.75,1.15,0.45,0.7,0.2,0.9,0.1,205.85,4.2,3.15,1.8,1.15,77.15
Henry Schade,Collingwood,8,6.88,6.5,13.38,5.0,0.12,0.0,1.38,0.0,0.38,0.0,4.88,8.62,11.38,85.05,1.25,0.25,0.0,0.62,0.0,0.62,2.38,4.75,0.0,179.62,2.0,2.0,4.62,0.0,88.38
Neville Jetta,Melbourne,22,6.86,7.45,14.32,4.27,0.14,0.0,3.09,0.0,0.32,0.05,4.95,9.23,12.55,87.64,1.36,0.41,0.05,0.27,0.0,0.27,1.73,3.95,0.09,121.64,2.55,1.23,5.86,0.05,85.32
Lewis Young,Western Bulldogs,7,6.86,6.0,12.86,5.43,0.0,0.0,1.71,0.0,0.86,0.0,2.86,10.43,8.71,67.73,2.86,0.43,0.0,0.14,0.0,0.14,1.0,3.71,0.29,168.14,1.86,3.14,4.43,0.0,88.86
Jacob Hopper,GWS,13,6.85,10.23,17.08,2.69,0.31,0.31,5.62,0.0,2.23,0.31,7.77,9.62,11.46,67.1,3.23,0.15,0.31,2.92,0.92,2.0,0.92,0.54,0.0,196.54,4.08,3.46,2.0,0.54,70.23
Nick Smith,Sydney,24,6.83,5.75,12.58,4.62,0.0,0.04,1.83,0.0,0.54,0.17,4.04,8.71,10.21,81.16,1.58,0.33,0.0,0.29,0.0,0.29,2.42,3.79,0.08,144.88,2.08,1.88,4.79,0.04,87.12
Jaeger O'Meara,Hawthorn,6,6.83,14.67,21.5,2.0,0.17,0.67,4.0,0.0,1.33,0.33,10.33,10.67,14.17,65.91,3.33,0.0,0.33,4.33,2.0,2.33,1.17,0.33,0.0,132.67,4.67,3.17,1.83,0.5,76.5
Shane Kersten,Fremantle,20,6.8,3.75,10.55,4.1,1.2,0.8,1.4,0.0,2.05,0.35,4.0,6.15,7.3,69.19,2.0,0.55,1.3,0.2,0.05,0.15,0.3,1.45,0.0,165.05,4.2,2.7,1.35,0.45,87.3
Mark Hutchings,West Coast,19,6.79,6.0,12.79,2.74,0.37,0.16,3.16,0.0,1.95,0.32,4.53,8.32,8.95,69.98,2.11,0.16,0.16,1.26,0.53,0.74,0.95,0.32,0.11,165.68,2.63,2.53,1.47,0.89,74.11
Michael Hartley,Essendon,18,6.78,5.0,11.78,4.83,0.0,0.0,2.5,0.0,0.94,0.17,3.72,8.0,10.17,86.33,1.61,0.67,0.0,0.06,0.0,0.06,1.44,9.28,0.0,154.33,2.44,1.28,4.33,0.0,91.56
Ben Ainsworth,Gold Coast,13,6.77,4.92,11.69,3.46,1.08,0.69,3.23,0.0,2.31,0.46,5.08,6.54,8.23,70.4,1.92,0.38,0.85,0.54,0.23,0.31,0.31,0.69,0.31,191.0,4.46,2.38,1.08,1.23,71.0
Jack Leslie,Gold Coast,13,6.77,5.38,12.15,6.0,0.0,0.0,1.23,0.0,0.85,0.0,4.0,8.46,9.77,80.41,2.54,0.92,0.0,0.31,0.0,0.31,2.46,7.92,0.0,152.46,2.46,2.54,5.69,0.0,94.54
Touk Miller,Gold Coast,20,6.75,14.1,20.85,3.35,0.35,0.3,4.5,0.0,1.6,0.2,8.8,12.45,14.7,70.5,2.35,0.1,0.3,2.9,1.3,1.6,1.2,1.7,0.0,164.65,4.4,2.2,1.55,0.75,81.35
Jackson Ramsay,Collingwood,8,6.75,9.5,16.25,2.38,0.0,0.12,3.12,0.0,1.25,0.12,5.38,11.38,12.62,77.66,2.0,0.0,0.0,0.5,0.0,0.5,1.75,1.88,0.0,182.88,3.0,2.62,4.12,0.0,81.62
Benjamin Stratton,Hawthorn,8,6.75,6.25,13.0,3.38,0.0,0.0,3.0,0.0,0.38,0.0,3.38,9.25,10.5,80.77,1.88,0.12,0.12,0.12,0.0,0.12,2.5,6.25,0.25,110.0,2.75,2.75,4.62,0.0,86.5
Jed Bews,Geelong,19,6.74,5.68,12.42,3.37,0.16,0.11,3.05,0.0,1.63,0.21,4.58,8.16,9.84,79.23,1.79,0.47,0.05,0.21,0.11,0.11,1.47,2.58,0.37,208.95,2.68,2.11,4.68,0.0,83.47
Josh Dunkley,Western Bulldogs,7,6.71,5.57,12.29,3.57,0.71,1.0,4.14,0.57,2.14,0.14,5.0,7.86,8.43,68.59,1.86,0.57,1.29,1.86,0.71,1.14,0.29,1.57,0.57,129.57,4.14,2.71,1.0,1.71,78.14
Phil Davis,GWS,24,6.67,6.04,12.71,4.5,0.0,0.04,2.33,0.0,1.17,0.08,5.04,7.79,10.25,80.65,2.04,0.29,0.0,0.12,0.0,0.12,2.75,7.29,0.04,143.54,2.46,1.83,6.58,0.08,91.17
Brandan Parfitt,Geelong,15,6.67,6.47,13.13,1.93,0.4,0.27,3.4,0.0,2.47,0.53,4.93,8.93,8.53,64.97,2.27,0.07,0.4,0.67,0.27,0.4,0.53,0.67,0.27,182.2,4.07,3.4,1.47,0.93,73.27
Tom Lonergan,Geelong,23,6.65,7.39,14.04,4.3,0.0,0.04,1.96,0.0,0.65,0.0,4.74,9.17,11.22,79.91,1.7,0.7,0.09,0.13,0.0,0.13,1.65,4.17,0.13,147.52,2.35,1.91,5.96,0.0,88.87
Nakia Cockatoo,Geelong,11,6.64,2.73,9.36,2.18,1.0,1.0,3.82,0.0,1.91,0.36,4.0,5.55,5.45,58.23,1.91,0.36,0.91,1.09,0.36,0.73,0.55,1.18,0.36,166.73,4.09,1.73,1.18,1.73,60.45
Lewis Melican,Sydney,17,6.59,5.35,11.94,3.65,0.06,0.06,1.82,0.0,1.0,0.12,4.88,7.53,9.59,80.32,1.88,0.59,0.06,0.12,0.06,0.06,2.76,4.76,0.0,197.47,1.88,1.76,5.29,0.0,87.18
Josh Hill,West Coast,12,6.58,4.92,11.5,3.08,1.33,0.67,2.58,0.0,2.58,0.58,4.08,7.42,7.75,67.39,1.42,0.17,0.58,0.83,0.17,0.67,0.42,0.92,0.75,192.75,5.58,2.33,1.17,0.75,78.67
Lin Jong,Western Bulldogs,12,6.58,12.33,18.92,2.67,0.08,0.42,4.42,0.08,2.58,0.25,8.5,10.5,14.08,74.42,1.17,0.75,0.42,3.08,1.17,1.92,0.58,1.5,0.25,193.75,4.5,2.25,2.33,0.33,74.08
Jesse Lonergan,Gold Coast,9,6.56,11.33,17.89,3.11,0.11,0.0,3.11,0.0,2.11,0.67,7.11,10.67,13.33,74.51,2.22,0.0,0.22,2.67,1.0,1.67,1.0,1.0,0.44,153.22,3.89,3.33,2.0,0.11,73.78
Connor Menadue,Richmond,9,6.56,6.56,13.11,3.22,0.33,0.11,2.67,0.0,2.11,0.22,4.44,8.89,10.33,78.79,2.44,0.33,0.22,0.78,0.22,0.56,1.56,0.33,0.67,238.0,3.33,3.0,1.67,0.11,69.44
Levi Casboult,Carlton,22,6.55,3.45,10.0,5.45,1.55,0.82,1.77,7.14,2.0,0.27,5.23,5.09,7.5,75.0,2.86,2.36,2.18,0.5,0.18,0.32,0.27,2.27,0.0,145.59,4.23,2.59,1.55,0.5,88.45
Joshua Walker,Brisbane,11,6.55,5.45,12.0,5.27,0.82,0.36,2.0,3.0,1.55,0.18,5.64,6.73,8.64,72.0,2.18,1.91,0.91,0.55,0.18,0.36,0.73,2.64,0.0,154.64,3.64,2.0,2.73,0.09,77.45
Declan Mountford,North Melbourne,12,6.5,8.25,14.75,3.17,0.25,0.17,3.83,0.0,2.0,0.25,4.92,10.58,10.75,72.88,2.17,0.17,0.42,0.92,0.33,0.58,1.0,2.17,0.75,222.0,3.58,2.42,3.42,0.25,77.08
Clay Smith,Western Bulldogs,8,6.5,5.0,11.5,3.0,1.0,0.62,5.12,0.0,1.12,0.62,4.38,6.88,7.62,66.26,2.5,0.0,1.5,0.75,0.5,0.25,0.38,0.88,0.0,110.88,4.38,2.5,0.62,1.75,78.5
Riley Knight,Adelaide,19,6.47,8.21,14.68,4.0,0.68,0.37,4.0,0.0,1.53,0.63,5.42,9.74,11.0,74.93,2.0,0.26,0.63,1.05,0.26,0.79,0.89,0.68,0.05,178.79,4.84,2.42,1.68,0.74,75.79
Paul Puopolo,Hawthorn,15,6.47,6.13,12.6,1.8,1.27,0.27,5.8,0.0,1.87,0.73,6.07,5.8,9.4,74.6,2.53,0.27,0.4,1.47,0.4,1.07,0.13,1.13,0.2,148.53,4.47,3.13,1.53,1.93,80.13
Alex Silvagni,Carlton,7,6.43,4.0,10.43,4.43,0.0,0.0,4.71,0.0,0.14,0.0,5.29,5.14,8.86,84.95,2.0,1.71,0.0,0.14,0.0,0.14,2.86,4.57,0.0,166.43,1.14,1.86,6.43,0.14,74.71
Michael Close,Brisbane,10,6.4,2.5,8.9,3.5,0.8,0.3,2.7,1.7,1.9,0.5,4.4,4.4,6.1,68.54,2.5,0.9,1.0,0.3,0.1,0.2,0.1,2.0,0.1,141.5,3.6,3.3,0.9,0.9,77.7
Billy Stretch,Melbourne,9,6.33,11.89,18.22,3.33,0.33,0.44,3.33,0.0,1.89,0.22,8.0,11.56,14.11,77.44,1.33,0.11,0.44,1.33,0.22,1.11,0.67,1.33,0.22,159.0,3.33,2.33,3.67,0.33,77.56
Adam Kennedy,GWS,7,6.29,6.71,13.0,3.71,0.0,0.0,2.57,0.0,1.86,0.29,3.29,10.43,10.71,82.38,2.29,0.14,0.0,1.14,0.0,1.14,1.86,1.57,0.71,156.43,4.0,2.0,2.29,0.14,72.29
Kayne Turner,North Melbourne,15,6.27,5.93,12.2,3.6,1.13,0.53,4.07,0.0,2.87,0.67,4.4,7.87,8.87,72.7,1.6,0.47,0.93,0.53,0.33,0.2,0.13,0.93,0.13,179.13,4.53,2.07,1.33,1.53,79.8
Daniel McStay,Brisbane,19,6.26,5.42,11.68,5.0,0.05,0.05,1.74,0.0,0.79,0.16,4.42,7.32,8.74,74.83,1.89,0.95,0.16,0.16,0.0,0.16,2.05,5.63,0.0,166.74,2.32,1.95,5.47,0.05,84.05
Will Hayward,Sydney,17,6.24,2.76,9.0,2.94,1.29,0.76,2.59,0.0,2.06,0.53,3.0,5.88,6.06,67.33,1.35,0.59,1.0,0.29,0.18,0.12,0.06,0.94,0.0,171.94,3.65,2.29,1.29,1.06,74.71
Jarrod Witts,Gold Coast,18,6.22,7.11,13.33,2.56,0.11,0.22,3.56,37.89,1.89,0.22,7.11,6.0,9.44,70.82,2.11,0.44,0.33,3.56,1.33,2.22,1.33,3.06,0.0,165.83,4.28,2.39,1.89,0.5,86.83
Tyson Goldsack,Collingwood,20,6.2,7.05,13.25,3.6,0.05,0.2,2.45,0.05,1.2,0.0,6.0,7.1,10.8,81.51,1.5,0.45,0.05,0.35,0.0,0.35,1.8,6.4,0.35,173.05,2.8,2.15,6.5,0.15,81.2
Eric Hipwood,Brisbane,20,6.2,2.4,8.6,2.95,1.5,0.8,1.25,0.05,1.9,0.55,4.05,4.4,5.3,61.63,2.55,1.1,1.15,0.1,0.0,0.1,0.2,1.3,0.2,166.7,4.0,2.65,0.9,0.65,82.25
Sean Lemmens,Gold Coast,20,6.2,6.1,12.3,2.4,0.45,0.65,3.0,0.0,1.3,0.25,5.05,7.75,8.6,69.92,1.9,0.2,0.55,0.25,0.05,0.2,1.05,1.6,0.35,165.15,3.6,2.35,2.3,0.6,81.35
Zac Smith,Geelong,21,6.19,8.48,14.67,1.48,0.33,0.29,3.1,32.14,2.24,0.14,7.33,7.29,10.71,73.01,2.29,0.48,0.43,3.95,1.38,2.57,1.29,3.43,0.05,151.52,4.29,2.33,2.05,0.29,78.48
Rory Lobb,GWS,20,6.15,5.25,11.4,4.3,0.85,0.4,2.35,11.05,1.75,0.25,6.55,5.2,7.95,69.74,1.85,2.25,0.9,1.15,0.6,0.5,0.7,2.25,0.0,165.9,4.15,2.35,1.95,0.65,84.55
Samuel Reid,GWS,13,6.15,4.92,11.08,1.77,0.77,0.77,2.08,0.0,1.69,0.23,4.92,6.15,7.62,68.77,1.62,0.08,0.85,1.23,0.15,1.08,0.38,1.15,0.0,151.31,5.0,1.92,1.54,0.38,74.31
Tom Bellchambers,Essendon,14,6.14,4.64,10.79,3.93,0.64,0.29,2.71,32.86,2.14,0.29,6.0,5.5,8.0,74.14,3.07,1.29,0.71,2.21,0.86,1.36,0.93,2.14,0.0,146.43,5.0,2.14,2.0,0.21,85.43
Daniel Lloyd,GWS,7,6.14,5.43,11.57,2.71,0.57,0.29,2.0,0.0,2.0,0.43,3.43,7.86,8.14,70.35,1.57,0.14,0.43,0.43,0.0,0.43,0.71,0.29,0.0,176.43,3.29,2.43,1.86,0.57,64.86
Travis Varcoe,Collingwood,8,6.12,7.5,13.62,3.12,0.25,0.12,2.38,0.0,1.5,0.5,3.75,9.75,11.38,83.55,1.5,0.25,0.62,0.62,0.25,0.38,1.62,1.62,0.12,162.38,3.88,1.5,2.38,0.25,70.12
Daniel Talia,Adelaide,24,6.08,6.42,12.5,4.21,0.0,0.0,1.88,0.0,0.58,0.04,5.12,7.29,9.96,79.68,1.42,0.54,0.0,0.25,0.08,0.17,2.17,9.62,0.0,138.04,1.88,2.12,6.25,0.0,88.79
Callum Ah Chee,Gold Coast,14,6.07,5.29,11.36,2.43,0.86,0.21,3.07,0.0,1.71,0.43,5.14,6.86,8.14,71.65,2.64,0.29,0.86,0.43,0.07,0.36,0.57,1.36,0.0,129.93,3.36,2.5,1.43,0.93,71.93
Eric MacKenzie,West Coast,13,6.0,6.08,12.08,5.23,0.0,0.0,1.62,0.0,0.85,0.0,3.38,8.62,10.31,85.35,1.54,0.54,0.0,0.08,0.0,0.08,2.77,6.38,0.0,138.85,1.31,1.23,5.08,0.15,94.08
Rhys Stanley,Geelong,13,6.0,6.0,12.0,4.15,0.62,0.69,2.46,16.08,1.92,0.46,6.46,5.92,8.85,73.75,2.15,1.23,1.23,2.15,1.08,1.08,0.77,2.69,0.0,148.38,4.92,2.08,1.46,0.54,76.69
Patrick Ambrose,Essendon,10,6.0,6.2,12.2,4.0,0.0,0.0,1.8,0.0,1.2,0.1,4.2,8.4,9.2,75.41,1.2,0.6,0.0,0.1,0.1,0.0,1.8,4.7,0.0,125.7,1.5,2.4,5.5,0.1,89.6
Malcolm Karpany,West Coast,6,6.0,5.83,11.83,2.67,1.0,0.17,2.33,0.0,1.5,0.33,4.83,7.33,8.5,71.85,1.33,0.0,0.5,0.67,0.33,0.33,0.0,0.67,0.17,171.5,4.33,1.5,2.17,0.5,71.33
Alex Keath,Adelaide,6,6.0,4.67,10.67,4.5,0.0,0.0,2.17,0.0,1.0,0.0,4.83,6.5,9.5,89.03,2.67,0.67,0.0,0.17,0.0,0.17,1.33,6.33,0.17,142.67,1.67,1.17,5.17,0.0,83.33
Jason Castagna,Richmond,25,5.96,4.84,10.8,2.96,1.04,0.8,3.0,0.0,2.12,0.4,4.64,6.24,6.32,58.52,2.2,0.32,1.48,0.48,0.28,0.2,0.16,0.64,0.6,157.72,4.76,2.72,0.92,1.28,80.44
Jake Barrett,Brisbane,17,5.94,8.29,14.24,2.82,0.88,0.65,4.82,0.0,1.47,0.53,5.47,9.18,10.18,71.49,2.06,0.06,0.71,0.94,0.29,0.65,0.18,0.53,0.0,120.41,4.76,2.41,0.88,1.59,84.0
Max Gawn,Melbourne,13,5.92,6.38,12.31,3.54,0.31,0.31,2.77,35.85,2.0,0.23,6.85,6.15,8.54,69.37,2.85,1.69,0.69,2.69,0.92,1.85,1.0,3.15,0.0,126.62,3.85,1.92,2.77,0.69,79.46
Jordan Roughead,Western Bulldogs,13,5.92,5.77,11.69,2.31,0.31,0.15,3.62,18.92,2.31,0.0,6.38,5.15,8.15,69.72,2.54,0.77,0.38,2.31,1.15,1.15,1.15,4.54,0.0,138.23,3.62,2.46,2.77,0.85,83.46
Darcy Macpherson,Gold Coast,8,5.88,5.88,11.75,3.38,0.38,0.38,3.12,0.0,1.5,0.5,3.5,8.12,8.0,68.09,2.75,0.12,0.88,0.38,0.25,0.12,0.0,0.62,0.0,88.0,3.25,2.5,1.25,1.5,84.75
Brady Grey,Fremantle,14,5.86,3.29,9.14,2.14,0.71,0.5,4.0,0.0,1.71,0.14,3.64,5.71,6.29,68.82,1.93,0.07,0.43,0.5,0.21,0.29,0.29,0.57,0.14,146.36,3.5,1.93,1.21,1.07,68.5
Rory Thompson,Gold Coast,7,5.86,4.43,10.29,4.14,0.0,0.0,2.86,0.14,0.57,0.0,4.29,6.29,8.57,83.28,1.71,0.43,0.14,0.0,0.0,0.0,1.71,8.29,0.0,115.71,1.57,1.57,5.14,0.0,94.0
Luke Partington,West Coast,6,5.83,6.0,11.83,2.5,0.5,0.83,1.33,0.0,2.17,0.17,5.33,7.17,7.67,64.84,1.67,0.33,0.0,1.67,0.33,1.33,0.33,0.5,0.0,144.33,3.17,2.33,1.17,0.5,64.33
Daniel Rioli,Richmond,25,5.76,5.08,10.84,2.76,1.0,0.52,3.4,0.0,2.48,0.56,4.48,6.8,7.68,70.85,1.84,0.36,0.84,0.4,0.08,0.32,0.08,1.4,0.28,172.96,4.64,1.92,1.32,1.32,81.32
Jarrod Berry,Brisbane,16,5.75,7.94,13.69,3.5,0.44,0.19,3.81,0.0,1.94,0.56,5.94,8.12,10.38,75.82,1.69,0.19,0.56,1.88,0.69,1.19,1.06,1.0,0.06,174.19,4.69,2.19,2.25,0.38,74.31
Cedric Cox,Brisbane,8,5.75,5.62,11.38,3.12,0.12,0.0,2.38,0.0,1.62,0.12,4.0,7.5,7.88,69.24,2.12,0.38,0.0,0.12,0.0,0.12,0.88,1.88,1.25,158.62,2.38,3.12,2.88,0.0,68.62
Joel Hamling,Fremantle,22,5.73,6.45,12.18,5.0,0.0,0.0,1.91,0.0,0.73,0.0,3.95,8.0,10.09,82.84,1.73,0.91,0.0,0.09,0.0,0.09,2.73,7.45,0.0,143.5,1.45,2.0,5.5,0.0,94.14
Jonathon Griffin,Fremantle,7,5.71,3.57,9.29,2.86,0.57,0.29,4.29,26.57,1.43,0.0,4.29,5.14,7.29,78.47,2.29,0.57,0.57,1.57,0.14,1.43,0.57,3.57,0.0,157.0,4.43,1.57,1.14,0.29,84.14
Ben Howlett,Essendon,7,5.71,7.86,13.57,2.57,0.14,0.29,4.29,0.0,2.71,0.43,5.86,8.0,9.43,69.49,2.0,0.29,0.0,1.14,0.71,0.43,0.29,1.14,0.14,116.71,5.14,2.0,2.0,1.14,76.71
Aaron Young,Port Adelaide,13,5.62,6.46,12.08,3.23,0.85,0.77,2.77,0.0,2.08,0.46,4.85,7.31,9.15,75.75,1.77,0.38,0.46,0.46,0.15,0.31,0.23,1.31,0.08,164.15,4.85,1.69,0.46,1.38,77.23
Thomas Liberatore,Western Bulldogs,18,5.61,11.61,17.22,2.0,0.39,0.22,6.5,0.0,1.83,0.17,10.0,7.39,13.0,75.49,2.22,0.17,0.5,4.06,1.39,2.67,0.78,0.78,0.0,143.61,5.11,1.78,2.06,0.72,81.17
Brennan Cox,Fremantle,10,5.6,5.6,11.2,4.7,0.4,1.1,1.6,3.6,1.2,0.2,4.0,7.6,8.2,73.21,1.9,1.4,1.1,0.6,0.2,0.4,0.5,2.0,0.0,119.5,4.5,2.0,1.9,0.5,80.5
Jarrod Pickett,Carlton,10,5.6,3.5,9.1,2.0,0.6,0.5,2.1,0.0,1.7,0.2,5.2,4.3,5.3,58.24,2.2,0.2,1.0,0.7,0.3,0.4,0.2,0.9,1.3,132.4,2.8,3.0,1.1,0.3,70.1
Oliver Florent,Sydney,9,5.56,4.22,9.78,1.67,0.44,0.11,2.11,0.0,1.89,0.78,4.56,5.44,6.67,68.2,1.56,0.11,0.22,1.0,0.11,0.89,0.22,0.89,0.22,157.89,2.89,2.67,1.89,0.44,75.44
Kurt Tippett,Sydney,9,5.56,3.67,9.22,3.11,0.78,0.44,2.89,13.11,1.56,0.33,6.33,3.56,6.22,67.46,1.44,1.22,1.22,0.89,0.56,0.33,0.33,1.67,0.0,140.89,3.67,2.0,1.33,0.78,64.11
Jy Simpkin,North Melbourne,13,5.54,5.31,10.85,2.69,0.69,0.38,2.38,0.0,1.46,0.23,4.23,6.54,7.62,70.23,1.46,0.15,0.62,0.54,0.23,0.31,0.15,0.31,0.31,102.85,3.31,1.62,1.31,0.69,69.15
Fletcher Roberts,Western Bulldogs,10,5.5,4.0,9.5,2.7,0.0,0.0,1.3,0.1,0.2,0.0,3.4,4.9,8.6,90.53,1.0,0.3,0.0,0.0,0.0,0.0,1.9,8.1,0.0,120.8,1.7,1.5,4.4,0.0,94.7
Josh Schache,Brisbane,10,5.5,3.6,9.1,3.9,0.9,0.6,1.0,0.4,0.7,0.4,2.8,6.4,6.7,73.63,1.4,0.2,1.0,0.2,0.0,0.2,0.1,1.0,0.1,96.0,3.4,1.7,0.4,0.3,79.4
Zac Fisher,Carlton,17,5.47,6.12,11.59,1.29,0.24,0.24,2.94,0.0,1.47,0.41,5.24,6.47,8.12,70.06,1.82,0.06,0.06,0.94,0.29,0.65,0.41,0.76,0.18,139.0,2.71,2.18,1.53,0.71,70.24
Griffin Logue,Fremantle,13,5.46,3.92,9.38,4.08,0.08,0.23,1.77,0.0,0.46,0.08,3.62,5.85,7.15,76.23,1.54,0.46,0.23,0.23,0.08,0.15,0.85,2.92,0.0,99.15,1.69,1.38,4.08,0.08,77.92
Ryan Harwood,Brisbane,9,5.33,7.11,12.44,3.78,0.0,0.0,2.78,0.0,0.56,0.44,2.89,9.44,10.78,86.66,1.44,0.0,0.0,0.22,0.0,0.22,1.33,2.22,0.0,75.22,2.22,1.56,2.56,0.44,77.0
Braydon Preuss,North Melbourne,8,5.25,3.62,8.88,3.62,0.62,0.75,2.88,22.5,1.75,0.12,5.5,4.0,5.12,57.66,2.75,1.5,1.0,1.62,0.12,1.5,0.38,1.12,0.0,133.62,3.38,1.75,1.38,0.25,73.38
Oleg Markov,Richmond,7,5.14,5.14,10.29,3.14,0.29,0.14,1.0,0.0,0.86,0.0,4.14,6.29,7.43,72.21,1.71,0.43,0.57,0.86,0.14,0.71,0.86,1.57,0.14,155.0,2.14,1.86,2.43,0.14,72.43
Dylan Grimes,Richmond,25,5.04,5.52,10.56,2.88,0.04,0.08,3.04,0.0,0.76,0.0,4.76,5.88,8.64,81.82,1.96,0.52,0.08,0.28,0.04,0.24,1.16,3.92,0.04,99.04,1.8,1.4,5.2,0.12,82.36
Ben McEvoy,Hawthorn,22,5.0,7.45,12.45,4.0,0.64,0.05,3.45,32.36,1.18,0.55,7.05,6.18,10.18,81.77,1.23,1.73,0.64,2.5,0.95,1.55,0.55,4.32,0.0,57.95,4.36,1.32,2.32,0.41,80.95
Harrison Himmelberg,GWS,12,5.0,5.92,10.92,2.92,0.75,0.5,2.67,0.25,1.5,0.25,4.17,6.83,8.92,81.68,1.42,0.33,0.75,0.5,0.08,0.42,0.42,1.67,0.08,120.92,3.83,1.75,2.33,1.0,81.42
Wylie Buzza,Geelong,6,5.0,3.5,8.5,2.83,0.83,0.67,3.67,2.5,1.5,0.33,5.67,3.5,4.67,54.94,3.17,1.17,1.5,0.83,0.17,0.67,0.67,1.5,0.0,104.33,3.33,2.5,1.5,1.83,76.33
Corey Ellis,Richmond,6,5.0,5.0,10.0,2.33,0.5,0.0,2.17,0.0,1.33,0.17,4.5,5.0,6.83,68.3,1.33,0.17,0.5,0.5,0.0,0.5,1.83,0.83,0.33,171.17,1.67,2.83,2.67,0.5,67.83
Todd Goldstein,North Melbourne,19,4.95,8.47,13.42,2.84,0.63,0.32,2.89,30.32,1.53,0.37,6.53,7.16,10.05,74.89,1.26,0.47,0.47,2.68,1.11,1.58,0.47,2.74,0.0,114.79,5.47,1.68,1.79,0.32,86.89
Tory Dickson,Western Bulldogs,9,4.89,5.33,10.22,3.67,1.22,0.33,3.0,0.0,1.67,0.11,3.22,7.11,7.33,71.72,1.78,0.11,1.22,0.22,0.11,0.11,0.11,0.11,0.11,140.44,3.44,2.56,1.0,0.78,78.22
Sam Rowe,Carlton,9,4.89,4.0,8.89,2.67,0.11,0.0,1.44,0.0,0.33,0.11,4.67,4.22,7.44,83.69,0.89,0.44,0.0,0.0,0.0,0.0,1.67,7.33,0.0,78.89,1.44,0.89,5.89,0.0,89.22
Billie Smedts,Carlton,9,4.89,5.22,10.11,2.22,0.11,0.33,3.56,0.0,1.11,0.22,3.0,7.33,7.89,78.04,1.56,0.11,0.11,0.78,0.22,0.56,0.22,1.44,0.11,116.67,2.11,2.33,1.67,0.0,66.89
Ed Vickers-Willis,North Melbourne,7,4.86,8.86,13.71,2.29,0.0,0.14,3.14,0.0,0.71,0.14,5.71,8.57,9.71,70.82,1.71,0.14,0.14,0.57,0.14,0.43,1.71,3.29,0.14,115.86,2.43,3.0,4.86,0.0,84.57
Tyrone Vickery,Hawthorn,6,4.83,5.33,10.17,2.33,0.33,1.0,2.83,9.67,1.17,0.17,5.17,5.0,7.33,72.07,1.33,0.33,0.83,1.67,0.33,1.33,0.5,1.67,0.0,94.0,3.17,1.33,1.33,0.67,70.83
Daniel Nielson,North Melbourne,7,4.71,4.0,8.71,3.43,0.0,0.0,1.14,0.0,0.57,0.0,4.29,4.57,6.29,72.22,2.86,0.86,0.0,0.14,0.0,0.14,1.43,3.43,0.0,85.29,0.57,1.86,4.71,0.0,77.0
James Parsons,Geelong,20,4.7,6.1,10.8,2.05,0.7,0.5,2.35,0.0,2.1,0.2,4.2,6.6,7.65,70.83,2.05,0.05,0.3,0.35,0.1,0.25,0.2,0.7,0.1,141.2,4.3,2.55,1.3,1.05,81.1
Will Schofield,West Coast,10,4.7,4.4,9.1,2.4,0.2,0.0,1.6,0.0,0.9,0.1,2.9,6.7,7.0,76.92,1.9,0.1,0.0,0.1,0.0,0.1,1.4,5.8,0.0,154.1,2.4,1.6,3.8,0.1,90.5
Nathan Vardy,West Coast,22,4.5,3.95,8.45,2.36,0.45,0.27,2.91,23.55,1.32,0.32,4.82,3.95,6.27,74.2,1.64,0.95,0.32,1.68,0.64,1.05,0.55,2.45,0.0,116.82,3.18,1.5,1.36,0.41,71.23
Sean Darcy,Fremantle,8,4.5,7.75,12.25,1.5,0.12,0.25,4.5,34.0,1.75,0.25,7.12,5.38,8.62,70.37,2.62,0.62,0.12,2.62,1.12,1.5,0.62,2.38,0.0,123.12,3.25,2.12,2.25,0.25,84.0
Thomas Boyd,Western Bulldogs,11,4.45,6.91,11.36,2.36,0.64,0.27,2.27,20.0,1.82,0.36,5.0,7.09,7.91,69.63,2.91,0.27,0.73,1.82,0.45,1.36,1.0,2.73,0.0,99.27,4.18,1.73,0.91,0.64,76.91
Tom Campbell,Western Bulldogs,7,4.43,4.86,9.29,2.14,0.29,0.57,4.71,33.29,1.86,0.71,5.29,3.57,6.29,67.71,3.0,0.86,0.71,2.0,0.57,1.43,0.43,2.0,0.0,105.71,4.57,1.43,1.14,0.29,72.57
Matthew Leuenberger,Essendon,7,4.43,7.14,11.57,1.86,0.14,0.0,4.57,33.14,0.57,0.29,6.43,5.43,7.71,66.64,3.0,0.29,0.29,2.0,0.86,1.14,0.86,3.86,0.0,70.29,4.29,2.0,2.0,0.57,83.71
Harrison Macreadie,Carlton,8,4.38,3.12,7.5,2.12,0.0,0.0,2.38,0.0,0.25,0.0,3.0,4.62,5.75,76.67,1.38,0.25,0.0,0.12,0.0,0.12,1.75,2.62,0.0,77.62,1.25,1.25,3.75,0.12,76.12
Matthew De Boer,GWS,15,4.33,9.47,13.8,2.6,0.53,0.2,4.6,0.0,1.4,0.6,5.27,8.4,11.33,82.1,1.6,0.07,0.33,0.87,0.2,0.67,0.27,0.53,0.13,97.73,4.4,1.6,1.4,1.87,76.6
Zach Guthrie,Geelong,9,4.33,6.33,10.67,3.11,0.0,0.11,2.11,0.0,0.89,0.11,3.89,7.11,8.33,78.07,1.11,0.44,0.22,0.33,0.0,0.33,0.89,1.33,0.0,98.0,2.33,1.56,3.67,0.0,71.67
Shai Bolton,Richmond,6,4.33,4.17,8.5,2.0,0.5,0.67,2.5,0.0,1.17,0.17,5.5,4.0,5.67,66.71,2.0,0.33,0.17,0.0,0.0,0.0,0.33,0.33,0.67,152.0,3.67,1.67,1.17,1.0,68.67
Todd Elton,Richmond,6,4.33,4.0,8.33,3.0,0.17,0.83,1.67,3.5,1.33,0.17,3.83,4.83,5.83,69.99,1.83,1.17,0.83,0.33,0.17,0.17,0.17,1.17,0.0,143.67,2.5,2.67,0.5,0.67,74.33
Mason Cox,Collingwood,9,4.22,3.56,7.78,3.22,1.11,0.56,2.56,16.11,0.33,0.11,4.33,3.11,5.11,65.68,2.33,1.56,1.56,0.78,0.33,0.44,0.44,2.11,0.0,81.0,4.0,1.78,1.0,0.56,76.33
Jarryd Blair,Collingwood,12,4.17,7.83,12.0,1.75,0.92,0.58,4.08,0.0,1.17,0.33,6.92,6.08,8.33,69.42,2.58,0.08,0.75,1.17,0.5,0.58,0.33,0.83,0.17,101.17,4.33,2.58,1.67,1.42,77.83
Majak Daw,North Melbourne,7,4.0,2.86,6.86,2.43,0.57,0.43,3.29,16.0,1.71,0.14,5.29,2.29,4.29,62.54,1.0,1.43,0.71,0.57,0.43,0.14,0.14,2.43,0.14,106.71,3.57,1.29,1.0,1.29,83.29
Sam Naismith,Sydney,15,3.47,5.4,8.87,1.67,0.0,0.2,2.67,27.93,1.0,0.13,5.13,3.87,6.2,69.9,2.33,0.33,0.2,2.13,1.07,1.0,0.6,3.0,0.0,70.0,3.13,1.27,2.0,0.27,72.4
Dale Morris,Western Bulldogs,11,3.45,6.73,10.18,3.09,0.0,0.0,2.18,0.0,0.45,0.09,4.64,5.91,8.0,78.59,1.45,0.64,0.0,0.09,0.0,0.09,1.27,7.82,0.0,65.55,1.09,1.45,4.91,0.09,89.73
Sam Weideman,Melbourne,7,3.43,4.57,8.0,2.57,0.43,0.57,1.71,0.0,1.14,0.29,3.71,4.86,5.14,64.25,1.57,0.43,0.86,0.43,0.14,0.29,0.0,1.57,0.0,97.14,3.0,2.57,0.43,0.43,81.14
Ivan Soldo,Richmond,7,3.0,3.14,6.14,1.71,0.14,0.0,3.14,21.14,0.57,0.0,2.71,3.0,4.29,69.87,2.14,0.14,0.43,1.43,0.29,1.14,0.71,1.86,0.0,35.57,1.57,1.43,1.14,1.0,60.71
Archie Smith,Brisbane,6,3.0,7.33,10.33,1.5,0.5,0.17,1.5,10.0,1.0,0.5,8.33,2.5,6.17,59.73,3.67,0.83,0.5,1.33,0.5,0.83,0.33,1.5,0.0,65.83,3.67,2.17,0.33,0.5,82.17
Aaron Sandilands,Fremantle,10,2.7,8.3,11.0,2.2,0.0,0.1,1.8,41.1,1.2,0.1,7.0,4.3,7.3,66.36,3.0,1.3,0.0,3.8,0.9,2.9,0.4,3.8,0.0,77.7,5.2,2.2,1.2,0.0,73.6
Shane Mumford,GWS,21,2.29,8.14,10.43,1.57,0.24,0.05,5.57,38.19,1.76,0.57,6.95,4.48,8.0,76.7,3.48,0.29,0.24,3.1,0.86,2.24,0.57,4.38,0.0,50.38,4.95,1.19,1.71,0.67,86.62
Nathan Brown,St Kilda,22,1.95,5.05,7.0,1.27,0.0,0.0,1.5,0.0,0.32,0.05,3.68,3.32,5.95,85.0,1.77,0.18,0.0,0.14,0.0,0.14,0.91,6.41,0.0,35.14,1.05,0.77,4.0,0.0,91.41
Billy Longer,St Kilda,17,1.41,7.94,9.35,1.59,0.12,0.12,4.0,38.59,0.65,0.18,6.35,3.53,6.76,72.3,2.59,0.71,0.0,2.59,1.18,1.41,0.47,3.12,0.0,20.88,3.71,1.18,1.88,0.47,83.65
